"Repository","Workload","BlockNumber","AnalysisBlockNumber","IsWarmup","AttemptNumber","OrderIndex","ConditionKey","NodeCount","RootProcessId","ProcessStartUtc","ProcessExitUtc","DurationSec","TotalWallSec","MaximumSystemCounterGapSec","SystemGapWarningCount","SystemGapWarningMaximumSec","MaximumProcessSnapshotGapSec","MaximumProbeGapSec","PeakCommittedDeltaMB","AvailableMemoryMinimumMB","DescendantPeakWorkingSetMB","DescendantPeakPrivateMB","DescendantPeakProcessCount","CpuMedianPercent","CpuP95Percent","ProcessorQueueP95","ContextSwitchesP95PerSec","ProbeP95Ms","DiskMBpsP95","DiskReadMBpsP95","DiskWriteMBpsP95","DiskQueueP95","ExternalNoisePeakWorkingSetMB","ExternalNoisePeakProcessCount","Binlog","Stdout","Stderr","RunsCsv","SystemCsv","ProcessesCsv","ProbesCsv","SetupSummaryCsv"
"vs-green","solution-clean","1","0","True","1","1","N8","8","41512","2026-08-06T15:17:31.5834818Z","2026-08-06T15:19:52.8722024Z","141.29","141.32","1.7895179","0",,"5.0369084","5.0478914","2040.0625","48716","2891.203125","2242.62890625","27","28.4105","97.441","15","108410.967","248.366","40.56934491443634","0.08857342147827149","40.56934491443634","1","1376.20703125","8","C:\perf\results\vs-green-node-count-clean-server-20260806-111702\vs-green\block-001\attempt-01\N8\benchmark\no-coordinator-r1\normal1\normal1.binlog","C:\perf\results\vs-green-node-count-clean-server-20260806-111702\vs-green\block-001\attempt-01\N8\benchmark\no-coordinator-r1\normal1\normal1.out.log","C:\perf\results\vs-green-node-count-clean-server-20260806-111702\vs-green\block-001\attempt-01\N8\benchmark\no-coordinator-r1\normal1\normal1.err.log","C:\perf\results\vs-green-node-count-clean-server-20260806-111702\vs-green\block-001\attempt-01\N8\benchmark\no-coordinator-r1\runs.csv","C:\perf\results\vs-green-node-count-clean-server-20260806-111702\vs-green\block-001\attempt-01\N8\monitor\system.csv","C:\perf\results\vs-green-node-count-clean-server-20260806-111702\vs-green\block-001\attempt-01\N8\monitor\processes.csv","C:\perf\results\vs-green-node-count-clean-server-20260806-111702\vs-green\block-001\attempt-01\N8\monitor\probes.csv","C:\perf\results\vs-green-node-count-clean-server-20260806-111702\vs-green\block-001\attempt-01\N8\setup\scenario-summary.csv"
"vs-green","solution-clean","1","0","True","1","2","N4","4","39028","2026-08-06T15:20:36.1260719Z","2026-08-06T15:23:04.1523492Z","148.03","148.03","1.8408599","0",,"5.0498929","5.0427829","2102.484375","49087","2387.453125","2032.33203125","15","26.9655","96.331","12","115463.658","236.012","45.72122629737854","0.055662809371948244","45.72122629737854","0","1389.87109375","10","C:\perf\results\vs-green-node-count-clean-server-20260806-111702\vs-green\block-001\attempt-01\N4\benchmark\no-coordinator-r1\normal1\normal1.binlog","C:\perf\results\vs-green-node-count-clean-server-20260806-111702\vs-green\block-001\attempt-01\N4\benchmark\no-coordinator-r1\normal1\normal1.out.log","C:\perf\results\vs-green-node-count-clean-server-20260806-111702\vs-green\block-001\attempt-01\N4\benchmark\no-coordinator-r1\normal1\normal1.err.log","C:\perf\results\vs-green-node-count-clean-server-20260806-111702\vs-green\block-001\attempt-01\N4\benchmark\no-coordinator-r1\runs.csv","C:\perf\results\vs-green-node-count-clean-server-20260806-111702\vs-green\block-001\attempt-01\N4\monitor\system.csv","C:\perf\results\vs-green-node-count-clean-server-20260806-111702\vs-green\block-001\attempt-01\N4\monitor\processes.csv","C:\perf\results\vs-green-node-count-clean-server-20260806-111702\vs-green\block-001\attempt-01\N4\monitor\probes.csv","C:\perf\results\vs-green-node-count-clean-server-20260806-111702\vs-green\block-001\attempt-01\N4\setup\scenario-summary.csv"
"vs-green","solution-clean","1","0","True","1","3","N16","16","20436","2026-08-06T15:23:45.3694199Z","2026-08-06T15:26:08.0087302Z","142.64","142.64","1.932379","0",,"5.0465294","5.037569","2687.265625","48077","3933.50390625","2768.0703125","43","29.4045","99.905","24","115815.041","324.677","44.16537610054016","0.06199984741210938","44.16537610054016","0","1401.515625","10","C:\perf\results\vs-green-node-count-clean-server-20260806-111702\vs-green\block-001\attempt-01\N16\benchmark\no-coordinator-r1\normal1\normal1.binlog","C:\perf\results\vs-green-node-count-clean-server-20260806-111702\vs-green\block-001\attempt-01\N16\benchmark\no-coordinator-r1\normal1\normal1.out.log","C:\perf\results\vs-green-node-count-clean-server-20260806-111702\vs-green\block-001\attempt-01\N16\benchmark\no-coordinator-r1\normal1\normal1.err.log","C:\perf\results\vs-green-node-count-clean-server-20260806-111702\vs-green\block-001\attempt-01\N16\benchmark\no-coordinator-r1\runs.csv","C:\perf\results\vs-green-node-count-clean-server-20260806-111702\vs-green\block-001\attempt-01\N16\monitor\system.csv","C:\perf\results\vs-green-node-count-clean-server-20260806-111702\vs-green\block-001\attempt-01\N16\monitor\processes.csv","C:\perf\results\vs-green-node-count-clean-server-20260806-111702\vs-green\block-001\attempt-01\N16\monitor\probes.csv","C:\perf\results\vs-green-node-count-clean-server-20260806-111702\vs-green\block-001\attempt-01\N16\setup\scenario-summary.csv"
"vs-green","solution-clean","2","1","False","1","1","N4","4","3192","2026-08-06T15:26:57.0014421Z","2026-08-06T15:29:26.8956128Z","149.89","149.89","1.7917342","0",,"5.0391438","5.0539488","2156.62890625","49078","2405.515625","2046.5703125","15","28.365","97.206","9","113522.584","200.076","42.007206320762634","0.09303427791595459","42.007206320762634","1","1360.4765625","8","C:\perf\results\vs-green-node-count-clean-server-20260806-111702\vs-green\block-002\attempt-01\N4\benchmark\no-coordinator-r1\normal1\normal1.binlog","C:\perf\results\vs-green-node-count-clean-server-20260806-111702\vs-green\block-002\attempt-01\N4\benchmark\no-coordinator-r1\normal1\normal1.out.log","C:\perf\results\vs-green-node-count-clean-server-20260806-111702\vs-green\block-002\attempt-01\N4\benchmark\no-coordinator-r1\normal1\normal1.err.log","C:\perf\results\vs-green-node-count-clean-server-20260806-111702\vs-green\block-002\attempt-01\N4\benchmark\no-coordinator-r1\runs.csv","C:\perf\results\vs-green-node-count-clean-server-20260806-111702\vs-green\block-002\attempt-01\N4\monitor\system.csv","C:\perf\results\vs-green-node-count-clean-server-20260806-111702\vs-green\block-002\attempt-01\N4\monitor\processes.csv","C:\perf\results\vs-green-node-count-clean-server-20260806-111702\vs-green\block-002\attempt-01\N4\monitor\probes.csv","C:\perf\results\vs-green-node-count-clean-server-20260806-111702\vs-green\block-002\attempt-01\N4\setup\scenario-summary.csv"
"vs-green","solution-clean","2","1","False","1","2","N8","8","8132","2026-08-06T15:30:11.1792459Z","2026-08-06T15:32:28.6811967Z","137.5","137.5","1.7296946","0",,"5.0352685","5.052723","2051.05078125","48876","2886.3515625","2242.140625","27","28.803","98.477","19","112567.549","223.705","34.90662965583801","0.013672144889831542","34.90662965583801","1","1368.484375","8","C:\perf\results\vs-green-node-count-clean-server-20260806-111702\vs-green\block-002\attempt-01\N8\benchmark\no-coordinator-r1\normal1\normal1.binlog","C:\perf\results\vs-green-node-count-clean-server-20260806-111702\vs-green\block-002\attempt-01\N8\benchmark\no-coordinator-r1\normal1\normal1.out.log","C:\perf\results\vs-green-node-count-clean-server-20260806-111702\vs-green\block-002\attempt-01\N8\benchmark\no-coordinator-r1\normal1\normal1.err.log","C:\perf\results\vs-green-node-count-clean-server-20260806-111702\vs-green\block-002\attempt-01\N8\benchmark\no-coordinator-r1\runs.csv","C:\perf\results\vs-green-node-count-clean-server-20260806-111702\vs-green\block-002\attempt-01\N8\monitor\system.csv","C:\perf\results\vs-green-node-count-clean-server-20260806-111702\vs-green\block-002\attempt-01\N8\monitor\processes.csv","C:\perf\results\vs-green-node-count-clean-server-20260806-111702\vs-green\block-002\attempt-01\N8\monitor\probes.csv","C:\perf\results\vs-green-node-count-clean-server-20260806-111702\vs-green\block-002\attempt-01\N8\setup\scenario-summary.csv"
"vs-green","solution-clean","2","1","False","1","3","N16","16","18112","2026-08-06T15:33:11.5242501Z","2026-08-06T15:35:30.0473176Z","138.52","138.52","1.7461284","0",,"5.0312197","5.0344424","2526.92578125","48254","3860.8125","2708.4375","43","32.8245","100","27","93927.683","250.313","38.245577560424806","0.016288763999938966","38.245577560424806","1","1388.59375","9","C:\perf\results\vs-green-node-count-clean-server-20260806-111702\vs-green\block-002\attempt-01\N16\benchmark\no-coordinator-r1\normal1\normal1.binlog","C:\perf\results\vs-green-node-count-clean-server-20260806-111702\vs-green\block-002\attempt-01\N16\benchmark\no-coordinator-r1\normal1\normal1.out.log","C:\perf\results\vs-green-node-count-clean-server-20260806-111702\vs-green\block-002\attempt-01\N16\benchmark\no-coordinator-r1\normal1\normal1.err.log","C:\perf\results\vs-green-node-count-clean-server-20260806-111702\vs-green\block-002\attempt-01\N16\benchmark\no-coordinator-r1\runs.csv","C:\perf\results\vs-green-node-count-clean-server-20260806-111702\vs-green\block-002\attempt-01\N16\monitor\system.csv","C:\perf\results\vs-green-node-count-clean-server-20260806-111702\vs-green\block-002\attempt-01\N16\monitor\processes.csv","C:\perf\results\vs-green-node-count-clean-server-20260806-111702\vs-green\block-002\attempt-01\N16\monitor\probes.csv","C:\perf\results\vs-green-node-count-clean-server-20260806-111702\vs-green\block-002\attempt-01\N16\setup\scenario-summary.csv"
"vs-green","solution-clean","3","2","False","1","1","N8","8","39568","2026-08-06T15:36:18.1938017Z","2026-08-06T15:38:34.9652830Z","136.77","136.77","1.7156031","0",,"5.0362129","5.0397986","2292.25","48757","2928.3671875","2269.5546875","27","31.4305","97.618","8","114188.252","283.85","36.619705555915836","0.015523221969604492","36.42620709228515","1","1373.44140625","9","C:\perf\results\vs-green-node-count-clean-server-20260806-111702\vs-green\block-003\attempt-01\N8\benchmark\no-coordinator-r1\normal1\normal1.binlog","C:\perf\results\vs-green-node-count-clean-server-20260806-111702\vs-green\block-003\attempt-01\N8\benchmark\no-coordinator-r1\normal1\normal1.out.log","C:\perf\results\vs-green-node-count-clean-server-20260806-111702\vs-green\block-003\attempt-01\N8\benchmark\no-coordinator-r1\normal1\normal1.err.log","C:\perf\results\vs-green-node-count-clean-server-20260806-111702\vs-green\block-003\attempt-01\N8\benchmark\no-coordinator-r1\runs.csv","C:\perf\results\vs-green-node-count-clean-server-20260806-111702\vs-green\block-003\attempt-01\N8\monitor\system.csv","C:\perf\results\vs-green-node-count-clean-server-20260806-111702\vs-green\block-003\attempt-01\N8\monitor\processes.csv","C:\perf\results\vs-green-node-count-clean-server-20260806-111702\vs-green\block-003\attempt-01\N8\monitor\probes.csv","C:\perf\results\vs-green-node-count-clean-server-20260806-111702\vs-green\block-003\attempt-01\N8\setup\scenario-summary.csv"
"vs-green","solution-clean","3","2","False","1","2","N16","16","11484","2026-08-06T15:39:17.5336778Z","2026-08-06T15:41:38.2394133Z","140.71","140.71","1.7538385","0",,"5.031265","5.0336961","2568.1015625","48100","3916.62890625","2734.39453125","43","36.751000000000005","100","33","103658.424","494.539","45.57301758670807","0.6915166482925416","41.80367510890961","1","1376.40234375","9","C:\perf\results\vs-green-node-count-clean-server-20260806-111702\vs-green\block-003\attempt-01\N16\benchmark\no-coordinator-r1\normal1\normal1.binlog","C:\perf\results\vs-green-node-count-clean-server-20260806-111702\vs-green\block-003\attempt-01\N16\benchmark\no-coordinator-r1\normal1\normal1.out.log","C:\perf\results\vs-green-node-count-clean-server-20260806-111702\vs-green\block-003\attempt-01\N16\benchmark\no-coordinator-r1\normal1\normal1.err.log","C:\perf\results\vs-green-node-count-clean-server-20260806-111702\vs-green\block-003\attempt-01\N16\benchmark\no-coordinator-r1\runs.csv","C:\perf\results\vs-green-node-count-clean-server-20260806-111702\vs-green\block-003\attempt-01\N16\monitor\system.csv","C:\perf\results\vs-green-node-count-clean-server-20260806-111702\vs-green\block-003\attempt-01\N16\monitor\processes.csv","C:\perf\results\vs-green-node-count-clean-server-20260806-111702\vs-green\block-003\attempt-01\N16\monitor\probes.csv","C:\perf\results\vs-green-node-count-clean-server-20260806-111702\vs-green\block-003\attempt-01\N16\setup\scenario-summary.csv"
"vs-green","solution-clean","3","2","False","1","3","N4","4","34084","2026-08-06T15:42:21.6075765Z","2026-08-06T15:45:02.0096362Z","160.4","160.4","1.6929496","0",,"5.0345286","5.0375748","2147.85546875","49066","2479.7578125","2097.57421875","15","26.042","97.22","7","116074.962","207.642","44.64596598720551","0.016369823455810548","44.64596598720551","1","1369.3125","8","C:\perf\results\vs-green-node-count-clean-server-20260806-111702\vs-green\block-003\attempt-01\N4\benchmark\no-coordinator-r1\normal1\normal1.binlog","C:\perf\results\vs-green-node-count-clean-server-20260806-111702\vs-green\block-003\attempt-01\N4\benchmark\no-coordinator-r1\normal1\normal1.out.log","C:\perf\results\vs-green-node-count-clean-server-20260806-111702\vs-green\block-003\attempt-01\N4\benchmark\no-coordinator-r1\normal1\normal1.err.log","C:\perf\results\vs-green-node-count-clean-server-20260806-111702\vs-green\block-003\attempt-01\N4\benchmark\no-coordinator-r1\runs.csv","C:\perf\results\vs-green-node-count-clean-server-20260806-111702\vs-green\block-003\attempt-01\N4\monitor\system.csv","C:\perf\results\vs-green-node-count-clean-server-20260806-111702\vs-green\block-003\attempt-01\N4\monitor\processes.csv","C:\perf\results\vs-green-node-count-clean-server-20260806-111702\vs-green\block-003\attempt-01\N4\monitor\probes.csv","C:\perf\results\vs-green-node-count-clean-server-20260806-111702\vs-green\block-003\attempt-01\N4\setup\scenario-summary.csv"
"vs-green","solution-clean","4","3","False","1","1","N16","16","17696","2026-08-06T15:45:55.9304179Z","2026-08-06T15:48:15.3578765Z","139.43","139.43","1.7810949","0",,"5.0359491","5.0361926","2652.3125","48121","3922.3515625","2821.41015625","42","30.904","99.712","22","112555.855","258.26","36.83271484851837","0.04636135292053223","36.7667828540802","0","1414.2421875","8","C:\perf\results\vs-green-node-count-clean-server-20260806-111702\vs-green\block-004\attempt-01\N16\benchmark\no-coordinator-r1\normal1\normal1.binlog","C:\perf\results\vs-green-node-count-clean-server-20260806-111702\vs-green\block-004\attempt-01\N16\benchmark\no-coordinator-r1\normal1\normal1.out.log","C:\perf\results\vs-green-node-count-clean-server-20260806-111702\vs-green\block-004\attempt-01\N16\benchmark\no-coordinator-r1\normal1\normal1.err.log","C:\perf\results\vs-green-node-count-clean-server-20260806-111702\vs-green\block-004\attempt-01\N16\benchmark\no-coordinator-r1\runs.csv","C:\perf\results\vs-green-node-count-clean-server-20260806-111702\vs-green\block-004\attempt-01\N16\monitor\system.csv","C:\perf\results\vs-green-node-count-clean-server-20260806-111702\vs-green\block-004\attempt-01\N16\monitor\processes.csv","C:\perf\results\vs-green-node-count-clean-server-20260806-111702\vs-green\block-004\attempt-01\N16\monitor\probes.csv","C:\perf\results\vs-green-node-count-clean-server-20260806-111702\vs-green\block-004\attempt-01\N16\setup\scenario-summary.csv"
"vs-green","solution-clean","4","3","False","1","2","N4","4","35624","2026-08-06T15:49:00.1765431Z","2026-08-06T15:51:14.9828343Z","134.81","134.81","1.6917592","0",,"5.0389695","5.0273961","1966.09375","48985","2422.234375","2010.3671875","15","34.876","97.794","20","123956.121","242.264","35.70518427658081","0.06202114677429199","34.6504396352768","1","1384.484375","8","C:\perf\results\vs-green-node-count-clean-server-20260806-111702\vs-green\block-004\attempt-01\N4\benchmark\no-coordinator-r1\normal1\normal1.binlog","C:\perf\results\vs-green-node-count-clean-server-20260806-111702\vs-green\block-004\attempt-01\N4\benchmark\no-coordinator-r1\normal1\normal1.out.log","C:\perf\results\vs-green-node-count-clean-server-20260806-111702\vs-green\block-004\attempt-01\N4\benchmark\no-coordinator-r1\normal1\normal1.err.log","C:\perf\results\vs-green-node-count-clean-server-20260806-111702\vs-green\block-004\attempt-01\N4\benchmark\no-coordinator-r1\runs.csv","C:\perf\results\vs-green-node-count-clean-server-20260806-111702\vs-green\block-004\attempt-01\N4\monitor\system.csv","C:\perf\results\vs-green-node-count-clean-server-20260806-111702\vs-green\block-004\attempt-01\N4\monitor\processes.csv","C:\perf\results\vs-green-node-count-clean-server-20260806-111702\vs-green\block-004\attempt-01\N4\monitor\probes.csv","C:\perf\results\vs-green-node-count-clean-server-20260806-111702\vs-green\block-004\attempt-01\N4\setup\scenario-summary.csv"
"vs-green","solution-clean","4","3","False","1","3","N8","8","37452","2026-08-06T15:51:59.2236636Z","2026-08-06T15:54:20.0816634Z","140.86","140.86","1.7418346","0",,"5.036395","5.0346229","2275.25","48801","2874.55078125","2259.39453125","27","26.785","98.461","17","101209.284","216.402","40.59873662471771","0.06160055828094482","40.59873662471771","1","1415.47265625","11","C:\perf\results\vs-green-node-count-clean-server-20260806-111702\vs-green\block-004\attempt-01\N8\benchmark\no-coordinator-r1\normal1\normal1.binlog","C:\perf\results\vs-green-node-count-clean-server-20260806-111702\vs-green\block-004\attempt-01\N8\benchmark\no-coordinator-r1\normal1\normal1.out.log","C:\perf\results\vs-green-node-count-clean-server-20260806-111702\vs-green\block-004\attempt-01\N8\benchmark\no-coordinator-r1\normal1\normal1.err.log","C:\perf\results\vs-green-node-count-clean-server-20260806-111702\vs-green\block-004\attempt-01\N8\benchmark\no-coordinator-r1\runs.csv","C:\perf\results\vs-green-node-count-clean-server-20260806-111702\vs-green\block-004\attempt-01\N8\monitor\system.csv","C:\perf\results\vs-green-node-count-clean-server-20260806-111702\vs-green\block-004\attempt-01\N8\monitor\processes.csv","C:\perf\results\vs-green-node-count-clean-server-20260806-111702\vs-green\block-004\attempt-01\N8\monitor\probes.csv","C:\perf\results\vs-green-node-count-clean-server-20260806-111702\vs-green\block-004\attempt-01\N8\setup\scenario-summary.csv"
"vs-green","solution-clean","5","4","False","1","1","N16","16","31480","2026-08-06T15:55:10.7539174Z","2026-08-06T15:57:30.5173133Z","139.76","139.76","1.7943021","0",,"5.0363428","5.0315043","2733.44140625","47997","3975.9765625","2785.97265625","43","28.601","100","29","89580.924","237.684","45.14281320285797","0.24645773696899415","45.14281320285797","1","1420.74609375","11","C:\perf\results\vs-green-node-count-clean-server-20260806-111702\vs-green\block-005\attempt-01\N16\benchmark\no-coordinator-r1\normal1\normal1.binlog","C:\perf\results\vs-green-node-count-clean-server-20260806-111702\vs-green\block-005\attempt-01\N16\benchmark\no-coordinator-r1\normal1\normal1.out.log","C:\perf\results\vs-green-node-count-clean-server-20260806-111702\vs-green\block-005\attempt-01\N16\benchmark\no-coordinator-r1\normal1\normal1.err.log","C:\perf\results\vs-green-node-count-clean-server-20260806-111702\vs-green\block-005\attempt-01\N16\benchmark\no-coordinator-r1\runs.csv","C:\perf\results\vs-green-node-count-clean-server-20260806-111702\vs-green\block-005\attempt-01\N16\monitor\system.csv","C:\perf\results\vs-green-node-count-clean-server-20260806-111702\vs-green\block-005\attempt-01\N16\monitor\processes.csv","C:\perf\results\vs-green-node-count-clean-server-20260806-111702\vs-green\block-005\attempt-01\N16\monitor\probes.csv","C:\perf\results\vs-green-node-count-clean-server-20260806-111702\vs-green\block-005\attempt-01\N16\setup\scenario-summary.csv"
"vs-green","solution-clean","5","4","False","1","2","N8","8","35136","2026-08-06T15:58:14.8851655Z","2026-08-06T16:00:32.2282773Z","137.34","137.34","1.8351035","0",,"5.0356437","5.0337315","2071.41796875","48689","2946.875","2316.94921875","25","31.287","97.869","16","108370.89","189.614","43.283746933937074","0.05942613887786865","42.15799600505829","1","1391.5625","9","C:\perf\results\vs-green-node-count-clean-server-20260806-111702\vs-green\block-005\attempt-01\N8\benchmark\no-coordinator-r1\normal1\normal1.binlog","C:\perf\results\vs-green-node-count-clean-server-20260806-111702\vs-green\block-005\attempt-01\N8\benchmark\no-coordinator-r1\normal1\normal1.out.log","C:\perf\results\vs-green-node-count-clean-server-20260806-111702\vs-green\block-005\attempt-01\N8\benchmark\no-coordinator-r1\normal1\normal1.err.log","C:\perf\results\vs-green-node-count-clean-server-20260806-111702\vs-green\block-005\attempt-01\N8\benchmark\no-coordinator-r1\runs.csv","C:\perf\results\vs-green-node-count-clean-server-20260806-111702\vs-green\block-005\attempt-01\N8\monitor\system.csv","C:\perf\results\vs-green-node-count-clean-server-20260806-111702\vs-green\block-005\attempt-01\N8\monitor\processes.csv","C:\perf\results\vs-green-node-count-clean-server-20260806-111702\vs-green\block-005\attempt-01\N8\monitor\probes.csv","C:\perf\results\vs-green-node-count-clean-server-20260806-111702\vs-green\block-005\attempt-01\N8\setup\scenario-summary.csv"
"vs-green","solution-clean","5","4","False","1","3","N4","4","24256","2026-08-06T16:01:14.0040252Z","2026-08-06T16:03:43.1143313Z","149.11","149.11","1.7221619","0",,"5.0474754","5.0443699","2108.46484375","49105","2417.2890625","2049.515625","15","27.386","95.856","10","117630.404","214.528","44.0391315574646","0.062130862236022946","41.27342094421387","1","1401.15625","9","C:\perf\results\vs-green-node-count-clean-server-20260806-111702\vs-green\block-005\attempt-01\N4\benchmark\no-coordinator-r1\normal1\normal1.binlog","C:\perf\results\vs-green-node-count-clean-server-20260806-111702\vs-green\block-005\attempt-01\N4\benchmark\no-coordinator-r1\normal1\normal1.out.log","C:\perf\results\vs-green-node-count-clean-server-20260806-111702\vs-green\block-005\attempt-01\N4\benchmark\no-coordinator-r1\normal1\normal1.err.log","C:\perf\results\vs-green-node-count-clean-server-20260806-111702\vs-green\block-005\attempt-01\N4\benchmark\no-coordinator-r1\runs.csv","C:\perf\results\vs-green-node-count-clean-server-20260806-111702\vs-green\block-005\attempt-01\N4\monitor\system.csv","C:\perf\results\vs-green-node-count-clean-server-20260806-111702\vs-green\block-005\attempt-01\N4\monitor\processes.csv","C:\perf\results\vs-green-node-count-clean-server-20260806-111702\vs-green\block-005\attempt-01\N4\monitor\probes.csv","C:\perf\results\vs-green-node-count-clean-server-20260806-111702\vs-green\block-005\attempt-01\N4\setup\scenario-summary.csv"
"vs-green","solution-clean","6","5","False","1","1","N4","4","1116","2026-08-06T16:04:36.6039216Z","2026-08-06T16:06:51.6510852Z","135.05","135.05","1.7053236","0",,"5.0436044","5.0354629","2049.546875","49075","2410.92578125","2037.38671875","15","30.4435","97.849","20","115011.546","211.24","41.517359214782715","0.0652663860321045","41.517359214782715","0","1400.26953125","9","C:\perf\results\vs-green-node-count-clean-server-20260806-111702\vs-green\block-006\attempt-01\N4\benchmark\no-coordinator-r1\normal1\normal1.binlog","C:\perf\results\vs-green-node-count-clean-server-20260806-111702\vs-green\block-006\attempt-01\N4\benchmark\no-coordinator-r1\normal1\normal1.out.log","C:\perf\results\vs-green-node-count-clean-server-20260806-111702\vs-green\block-006\attempt-01\N4\benchmark\no-coordinator-r1\normal1\normal1.err.log","C:\perf\results\vs-green-node-count-clean-server-20260806-111702\vs-green\block-006\attempt-01\N4\benchmark\no-coordinator-r1\runs.csv","C:\perf\results\vs-green-node-count-clean-server-20260806-111702\vs-green\block-006\attempt-01\N4\monitor\system.csv","C:\perf\results\vs-green-node-count-clean-server-20260806-111702\vs-green\block-006\attempt-01\N4\monitor\processes.csv","C:\perf\results\vs-green-node-count-clean-server-20260806-111702\vs-green\block-006\attempt-01\N4\monitor\probes.csv","C:\perf\results\vs-green-node-count-clean-server-20260806-111702\vs-green\block-006\attempt-01\N4\setup\scenario-summary.csv"
"vs-green","solution-clean","6","5","False","1","2","N16","16","10096","2026-08-06T16:07:35.8099845Z","2026-08-06T16:09:54.4016929Z","138.59","138.59","1.7703046","0",,"5.0402857","5.0314938","2627.93359375","48098","3907.55859375","2742.4140625","45","29.907","100","32","87910.423","248.256","38.624893450737","0.01551714038848877","38.624893450737","1","1376.83203125","8","C:\perf\results\vs-green-node-count-clean-server-20260806-111702\vs-green\block-006\attempt-01\N16\benchmark\no-coordinator-r1\normal1\normal1.binlog","C:\perf\results\vs-green-node-count-clean-server-20260806-111702\vs-green\block-006\attempt-01\N16\benchmark\no-coordinator-r1\normal1\normal1.out.log","C:\perf\results\vs-green-node-count-clean-server-20260806-111702\vs-green\block-006\attempt-01\N16\benchmark\no-coordinator-r1\normal1\normal1.err.log","C:\perf\results\vs-green-node-count-clean-server-20260806-111702\vs-green\block-006\attempt-01\N16\benchmark\no-coordinator-r1\runs.csv","C:\perf\results\vs-green-node-count-clean-server-20260806-111702\vs-green\block-006\attempt-01\N16\monitor\system.csv","C:\perf\results\vs-green-node-count-clean-server-20260806-111702\vs-green\block-006\attempt-01\N16\monitor\processes.csv","C:\perf\results\vs-green-node-count-clean-server-20260806-111702\vs-green\block-006\attempt-01\N16\monitor\probes.csv","C:\perf\results\vs-green-node-count-clean-server-20260806-111702\vs-green\block-006\attempt-01\N16\setup\scenario-summary.csv"
"vs-green","solution-clean","6","5","False","1","3","N8","8","11480","2026-08-06T16:10:35.8485022Z","2026-08-06T16:12:56.2025573Z","140.35","140.35","1.7055263","0",,"5.0278567","5.02682","2083.984375","48788","2887.51953125","2240.3125","27","30.174500000000002","97.346","14","103413.959","223.559","39.88991285037994","0.023069366455078125","39.88991285037994","1","1409.04296875","9","C:\perf\results\vs-green-node-count-clean-server-20260806-111702\vs-green\block-006\attempt-01\N8\benchmark\no-coordinator-r1\normal1\normal1.binlog","C:\perf\results\vs-green-node-count-clean-server-20260806-111702\vs-green\block-006\attempt-01\N8\benchmark\no-coordinator-r1\normal1\normal1.out.log","C:\perf\results\vs-green-node-count-clean-server-20260806-111702\vs-green\block-006\attempt-01\N8\benchmark\no-coordinator-r1\normal1\normal1.err.log","C:\perf\results\vs-green-node-count-clean-server-20260806-111702\vs-green\block-006\attempt-01\N8\benchmark\no-coordinator-r1\runs.csv","C:\perf\results\vs-green-node-count-clean-server-20260806-111702\vs-green\block-006\attempt-01\N8\monitor\system.csv","C:\perf\results\vs-green-node-count-clean-server-20260806-111702\vs-green\block-006\attempt-01\N8\monitor\processes.csv","C:\perf\results\vs-green-node-count-clean-server-20260806-111702\vs-green\block-006\attempt-01\N8\monitor\probes.csv","C:\perf\results\vs-green-node-count-clean-server-20260806-111702\vs-green\block-006\attempt-01\N8\setup\scenario-summary.csv"
"vs-green","solution-clean","7","6","False","1","1","N8","8","15228","2026-08-06T16:13:47.4521566Z","2026-08-06T16:16:30.2126757Z","162.76","162.76","1.7498819","0",,"5.0283927","5.0344338","2644.4453125","48759","2887.28125","2232.515625","27","25.883","97.502","13","94752.557","312.134","40.1685779209137","0.015412009239196778","40.1685779209137","1","1398.25390625","8","C:\perf\results\vs-green-node-count-clean-server-20260806-111702\vs-green\block-007\attempt-01\N8\benchmark\no-coordinator-r1\normal1\normal1.binlog","C:\perf\results\vs-green-node-count-clean-server-20260806-111702\vs-green\block-007\attempt-01\N8\benchmark\no-coordinator-r1\normal1\normal1.out.log","C:\perf\results\vs-green-node-count-clean-server-20260806-111702\vs-green\block-007\attempt-01\N8\benchmark\no-coordinator-r1\normal1\normal1.err.log","C:\perf\results\vs-green-node-count-clean-server-20260806-111702\vs-green\block-007\attempt-01\N8\benchmark\no-coordinator-r1\runs.csv","C:\perf\results\vs-green-node-count-clean-server-20260806-111702\vs-green\block-007\attempt-01\N8\monitor\system.csv","C:\perf\results\vs-green-node-count-clean-server-20260806-111702\vs-green\block-007\attempt-01\N8\monitor\processes.csv","C:\perf\results\vs-green-node-count-clean-server-20260806-111702\vs-green\block-007\attempt-01\N8\monitor\probes.csv","C:\perf\results\vs-green-node-count-clean-server-20260806-111702\vs-green\block-007\attempt-01\N8\setup\scenario-summary.csv"
"vs-green","solution-clean","7","6","False","1","2","N4","4","30172","2026-08-06T16:17:12.8090868Z","2026-08-06T16:19:41.4756584Z","148.67","148.67","1.7302048","0",,"5.0468078","5.0314808","2089.796875","49045","2377.41796875","2008.41015625","15","28.6235","96.997","18","116645.741","151.994","45.201759271621704","0.07015401554107666","45.201759271621704","1","1382.2109375","8","C:\perf\results\vs-green-node-count-clean-server-20260806-111702\vs-green\block-007\attempt-01\N4\benchmark\no-coordinator-r1\normal1\normal1.binlog","C:\perf\results\vs-green-node-count-clean-server-20260806-111702\vs-green\block-007\attempt-01\N4\benchmark\no-coordinator-r1\normal1\normal1.out.log","C:\perf\results\vs-green-node-count-clean-server-20260806-111702\vs-green\block-007\attempt-01\N4\benchmark\no-coordinator-r1\normal1\normal1.err.log","C:\perf\results\vs-green-node-count-clean-server-20260806-111702\vs-green\block-007\attempt-01\N4\benchmark\no-coordinator-r1\runs.csv","C:\perf\results\vs-green-node-count-clean-server-20260806-111702\vs-green\block-007\attempt-01\N4\monitor\system.csv","C:\perf\results\vs-green-node-count-clean-server-20260806-111702\vs-green\block-007\attempt-01\N4\monitor\processes.csv","C:\perf\results\vs-green-node-count-clean-server-20260806-111702\vs-green\block-007\attempt-01\N4\monitor\probes.csv","C:\perf\results\vs-green-node-count-clean-server-20260806-111702\vs-green\block-007\attempt-01\N4\setup\scenario-summary.csv"
"vs-green","solution-clean","7","6","False","1","3","N16","16","40852","2026-08-06T16:20:21.8592730Z","2026-08-06T16:22:39.8838983Z","138.02","138.02","1.7494954","0",,"5.0430903","5.0385495","2540.4765625","48192","3918.92578125","2757.15234375","45","27.016","99.523","18","91066.226","234.842","37.805282230377195","0.058350133895874026","37.805282230377195","1","1392.53125","10","C:\perf\results\vs-green-node-count-clean-server-20260806-111702\vs-green\block-007\attempt-01\N16\benchmark\no-coordinator-r1\normal1\normal1.binlog","C:\perf\results\vs-green-node-count-clean-server-20260806-111702\vs-green\block-007\attempt-01\N16\benchmark\no-coordinator-r1\normal1\normal1.out.log","C:\perf\results\vs-green-node-count-clean-server-20260806-111702\vs-green\block-007\attempt-01\N16\benchmark\no-coordinator-r1\normal1\normal1.err.log","C:\perf\results\vs-green-node-count-clean-server-20260806-111702\vs-green\block-007\attempt-01\N16\benchmark\no-coordinator-r1\runs.csv","C:\perf\results\vs-green-node-count-clean-server-20260806-111702\vs-green\block-007\attempt-01\N16\monitor\system.csv","C:\perf\results\vs-green-node-count-clean-server-20260806-111702\vs-green\block-007\attempt-01\N16\monitor\processes.csv","C:\perf\results\vs-green-node-count-clean-server-20260806-111702\vs-green\block-007\attempt-01\N16\monitor\probes.csv","C:\perf\results\vs-green-node-count-clean-server-20260806-111702\vs-green\block-007\attempt-01\N16\setup\scenario-summary.csv"
"vs-green","solution-clean","8","7","False","1","1","N4","4","28580","2026-08-06T16:23:28.2584567Z","2026-08-06T16:25:56.3833390Z","148.12","148.12","1.769138","0",,"5.038058","5.0326525","2218.05078125","49099","4225.37890625","2530.265625","48","27.575499999999998","97.165","10","124106.059","206.641","34.95191536712647","0.07307599449157715","34.95191536712647","1","1484.578125","12","C:\perf\results\vs-green-node-count-clean-server-20260806-111702\vs-green\block-008\attempt-01\N4\benchmark\no-coordinator-r1\normal1\normal1.binlog","C:\perf\results\vs-green-node-count-clean-server-20260806-111702\vs-green\block-008\attempt-01\N4\benchmark\no-coordinator-r1\normal1\normal1.out.log","C:\perf\results\vs-green-node-count-clean-server-20260806-111702\vs-green\block-008\attempt-01\N4\benchmark\no-coordinator-r1\normal1\normal1.err.log","C:\perf\results\vs-green-node-count-clean-server-20260806-111702\vs-green\block-008\attempt-01\N4\benchmark\no-coordinator-r1\runs.csv","C:\perf\results\vs-green-node-count-clean-server-20260806-111702\vs-green\block-008\attempt-01\N4\monitor\system.csv","C:\perf\results\vs-green-node-count-clean-server-20260806-111702\vs-green\block-008\attempt-01\N4\monitor\processes.csv","C:\perf\results\vs-green-node-count-clean-server-20260806-111702\vs-green\block-008\attempt-01\N4\monitor\probes.csv","C:\perf\results\vs-green-node-count-clean-server-20260806-111702\vs-green\block-008\attempt-01\N4\setup\scenario-summary.csv"
"vs-green","solution-clean","8","7","False","1","2","N8","8","36332","2026-08-06T16:26:37.4365549Z","2026-08-06T16:29:16.4544643Z","159.02","159.03","1.7179542","0",,"5.0381266","5.0372697","2205.18359375","48742","2933","2265.265625","27","24.515","96.983","9","92827.127","226.69","36.345995572090146","0.007740141868591309","36.345995572090146","0","1409.4765625","8","C:\perf\results\vs-green-node-count-clean-server-20260806-111702\vs-green\block-008\attempt-01\N8\benchmark\no-coordinator-r1\normal1\normal1.binlog","C:\perf\results\vs-green-node-count-clean-server-20260806-111702\vs-green\block-008\attempt-01\N8\benchmark\no-coordinator-r1\normal1\normal1.out.log","C:\perf\results\vs-green-node-count-clean-server-20260806-111702\vs-green\block-008\attempt-01\N8\benchmark\no-coordinator-r1\normal1\normal1.err.log","C:\perf\results\vs-green-node-count-clean-server-20260806-111702\vs-green\block-008\attempt-01\N8\benchmark\no-coordinator-r1\runs.csv","C:\perf\results\vs-green-node-count-clean-server-20260806-111702\vs-green\block-008\attempt-01\N8\monitor\system.csv","C:\perf\results\vs-green-node-count-clean-server-20260806-111702\vs-green\block-008\attempt-01\N8\monitor\processes.csv","C:\perf\results\vs-green-node-count-clean-server-20260806-111702\vs-green\block-008\attempt-01\N8\monitor\probes.csv","C:\perf\results\vs-green-node-count-clean-server-20260806-111702\vs-green\block-008\attempt-01\N8\setup\scenario-summary.csv"
"vs-green","solution-clean","8","7","False","1","3","N16","16","17852","2026-08-06T16:30:04.7155594Z","2026-08-06T16:32:29.8573943Z","145.14","145.14","1.8534272","0",,"5.0358106","5.0390348","2614.9140625","48055","3921.359375","2709.0234375","43","30.9495","100","23","98723.185","280.414","38.135588541030884","0.04998277473449707","37.18864768505097","0","1425.80859375","8","C:\perf\results\vs-green-node-count-clean-server-20260806-111702\vs-green\block-008\attempt-01\N16\benchmark\no-coordinator-r1\normal1\normal1.binlog","C:\perf\results\vs-green-node-count-clean-server-20260806-111702\vs-green\block-008\attempt-01\N16\benchmark\no-coordinator-r1\normal1\normal1.out.log","C:\perf\results\vs-green-node-count-clean-server-20260806-111702\vs-green\block-008\attempt-01\N16\benchmark\no-coordinator-r1\normal1\normal1.err.log","C:\perf\results\vs-green-node-count-clean-server-20260806-111702\vs-green\block-008\attempt-01\N16\benchmark\no-coordinator-r1\runs.csv","C:\perf\results\vs-green-node-count-clean-server-20260806-111702\vs-green\block-008\attempt-01\N16\monitor\system.csv","C:\perf\results\vs-green-node-count-clean-server-20260806-111702\vs-green\block-008\attempt-01\N16\monitor\processes.csv","C:\perf\results\vs-green-node-count-clean-server-20260806-111702\vs-green\block-008\attempt-01\N16\monitor\probes.csv","C:\perf\results\vs-green-node-count-clean-server-20260806-111702\vs-green\block-008\attempt-01\N16\setup\scenario-summary.csv"
"vs-green","solution-clean","9","8","False","1","1","N8","8","22864","2026-08-06T16:33:21.2907223Z","2026-08-06T16:35:41.0422444Z","139.75","139.75","1.7644587","0",,"5.0406553","5.0353195","2070.94140625","48789","2884.85546875","2221.37890625","27","29.5925","97.368","13","109119.961","192.063","37.84540057754516","0.03468517303466797","37.84540057754516","0","1473.27734375","10","C:\perf\results\vs-green-node-count-clean-server-20260806-111702\vs-green\block-009\attempt-01\N8\benchmark\no-coordinator-r1\normal1\normal1.binlog","C:\perf\results\vs-green-node-count-clean-server-20260806-111702\vs-green\block-009\attempt-01\N8\benchmark\no-coordinator-r1\normal1\normal1.out.log","C:\perf\results\vs-green-node-count-clean-server-20260806-111702\vs-green\block-009\attempt-01\N8\benchmark\no-coordinator-r1\normal1\normal1.err.log","C:\perf\results\vs-green-node-count-clean-server-20260806-111702\vs-green\block-009\attempt-01\N8\benchmark\no-coordinator-r1\runs.csv","C:\perf\results\vs-green-node-count-clean-server-20260806-111702\vs-green\block-009\attempt-01\N8\monitor\system.csv","C:\perf\results\vs-green-node-count-clean-server-20260806-111702\vs-green\block-009\attempt-01\N8\monitor\processes.csv","C:\perf\results\vs-green-node-count-clean-server-20260806-111702\vs-green\block-009\attempt-01\N8\monitor\probes.csv","C:\perf\results\vs-green-node-count-clean-server-20260806-111702\vs-green\block-009\attempt-01\N8\setup\scenario-summary.csv"
"vs-green","solution-clean","9","8","False","1","2","N16","16","24556","2026-08-06T16:36:27.5008488Z","2026-08-06T16:38:45.1246750Z","137.62","137.62","1.7322234","0",,"5.0346988","5.0588278","2466.88671875","48259","3784.47265625","2636.125","43","31.674500000000002","100","31","102063.052","342.761","42.58112695026398","0.007720993041992187","42.56554373836517","1","1442.86328125","10","C:\perf\results\vs-green-node-count-clean-server-20260806-111702\vs-green\block-009\attempt-01\N16\benchmark\no-coordinator-r1\normal1\normal1.binlog","C:\perf\results\vs-green-node-count-clean-server-20260806-111702\vs-green\block-009\attempt-01\N16\benchmark\no-coordinator-r1\normal1\normal1.out.log","C:\perf\results\vs-green-node-count-clean-server-20260806-111702\vs-green\block-009\attempt-01\N16\benchmark\no-coordinator-r1\normal1\normal1.err.log","C:\perf\results\vs-green-node-count-clean-server-20260806-111702\vs-green\block-009\attempt-01\N16\benchmark\no-coordinator-r1\runs.csv","C:\perf\results\vs-green-node-count-clean-server-20260806-111702\vs-green\block-009\attempt-01\N16\monitor\system.csv","C:\perf\results\vs-green-node-count-clean-server-20260806-111702\vs-green\block-009\attempt-01\N16\monitor\processes.csv","C:\perf\results\vs-green-node-count-clean-server-20260806-111702\vs-green\block-009\attempt-01\N16\monitor\probes.csv","C:\perf\results\vs-green-node-count-clean-server-20260806-111702\vs-green\block-009\attempt-01\N16\setup\scenario-summary.csv"
"vs-green","solution-clean","9","8","False","1","3","N4","4","39688","2026-08-06T16:39:26.7666480Z","2026-08-06T16:41:57.2633795Z","150.5","150.5","1.9894138","0",,"5.0397162","5.0297169","2160.91015625","49049","2398.12890625","2042.5703125","15","31.944","97.897","25","119576.464","210.253","47.50617225074768","20.287981662750244","41.6909422492981","1","1406.078125","8","C:\perf\results\vs-green-node-count-clean-server-20260806-111702\vs-green\block-009\attempt-01\N4\benchmark\no-coordinator-r1\normal1\normal1.binlog","C:\perf\results\vs-green-node-count-clean-server-20260806-111702\vs-green\block-009\attempt-01\N4\benchmark\no-coordinator-r1\normal1\normal1.out.log","C:\perf\results\vs-green-node-count-clean-server-20260806-111702\vs-green\block-009\attempt-01\N4\benchmark\no-coordinator-r1\normal1\normal1.err.log","C:\perf\results\vs-green-node-count-clean-server-20260806-111702\vs-green\block-009\attempt-01\N4\benchmark\no-coordinator-r1\runs.csv","C:\perf\results\vs-green-node-count-clean-server-20260806-111702\vs-green\block-009\attempt-01\N4\monitor\system.csv","C:\perf\results\vs-green-node-count-clean-server-20260806-111702\vs-green\block-009\attempt-01\N4\monitor\processes.csv","C:\perf\results\vs-green-node-count-clean-server-20260806-111702\vs-green\block-009\attempt-01\N4\monitor\probes.csv","C:\perf\results\vs-green-node-count-clean-server-20260806-111702\vs-green\block-009\attempt-01\N4\setup\scenario-summary.csv"
"vs-green","solution-clean","10","9","False","1","1","N16","16","34392","2026-08-06T16:42:48.2304896Z","2026-08-06T16:45:30.5714349Z","162.34","162.34","1.7198408","0",,"5.0467959","5.039562","2469.19140625","48129","3884.515625","2694.08984375","47","26.737000000000002","100","28","84905.597","299.098","38.97946015167236","0.015408066749572754","38.97946015167236","1","1404.875","8","C:\perf\results\vs-green-node-count-clean-server-20260806-111702\vs-green\block-010\attempt-01\N16\benchmark\no-coordinator-r1\normal1\normal1.binlog","C:\perf\results\vs-green-node-count-clean-server-20260806-111702\vs-green\block-010\attempt-01\N16\benchmark\no-coordinator-r1\normal1\normal1.out.log","C:\perf\results\vs-green-node-count-clean-server-20260806-111702\vs-green\block-010\attempt-01\N16\benchmark\no-coordinator-r1\normal1\normal1.err.log","C:\perf\results\vs-green-node-count-clean-server-20260806-111702\vs-green\block-010\attempt-01\N16\benchmark\no-coordinator-r1\runs.csv","C:\perf\results\vs-green-node-count-clean-server-20260806-111702\vs-green\block-010\attempt-01\N16\monitor\system.csv","C:\perf\results\vs-green-node-count-clean-server-20260806-111702\vs-green\block-010\attempt-01\N16\monitor\processes.csv","C:\perf\results\vs-green-node-count-clean-server-20260806-111702\vs-green\block-010\attempt-01\N16\monitor\probes.csv","C:\perf\results\vs-green-node-count-clean-server-20260806-111702\vs-green\block-010\attempt-01\N16\setup\scenario-summary.csv"
"vs-green","solution-clean","10","9","False","1","2","N4","4","30308","2026-08-06T16:46:15.1243688Z","2026-08-06T16:48:35.7756805Z","140.65","140.65","1.7569323","0",,"5.0293149","5.0363885","2039.1640625","49126","2366.4296875","1994.859375","15","27.423000000000002","97.522","23","101502.67","202.485","39.070011679649355","0.015418338775634765","39.070011679649355","1","1409.32421875","8","C:\perf\results\vs-green-node-count-clean-server-20260806-111702\vs-green\block-010\attempt-01\N4\benchmark\no-coordinator-r1\normal1\normal1.binlog","C:\perf\results\vs-green-node-count-clean-server-20260806-111702\vs-green\block-010\attempt-01\N4\benchmark\no-coordinator-r1\normal1\normal1.out.log","C:\perf\results\vs-green-node-count-clean-server-20260806-111702\vs-green\block-010\attempt-01\N4\benchmark\no-coordinator-r1\normal1\normal1.err.log","C:\perf\results\vs-green-node-count-clean-server-20260806-111702\vs-green\block-010\attempt-01\N4\benchmark\no-coordinator-r1\runs.csv","C:\perf\results\vs-green-node-count-clean-server-20260806-111702\vs-green\block-010\attempt-01\N4\monitor\system.csv","C:\perf\results\vs-green-node-count-clean-server-20260806-111702\vs-green\block-010\attempt-01\N4\monitor\processes.csv","C:\perf\results\vs-green-node-count-clean-server-20260806-111702\vs-green\block-010\attempt-01\N4\monitor\probes.csv","C:\perf\results\vs-green-node-count-clean-server-20260806-111702\vs-green\block-010\attempt-01\N4\setup\scenario-summary.csv"
"vs-green","solution-clean","10","9","False","1","3","N8","8","35764","2026-08-06T16:49:19.2189232Z","2026-08-06T16:51:38.5587401Z","139.34","139.34","1.7208771","0",,"5.0381399","5.0265479","2279.45703125","48698","2839.6796875","2203.96875","27","29.195","96.739","16","103605.608","263.348","42.977874073028566","0.046112651824951174","42.216533164024355","1","1399.45703125","8","C:\perf\results\vs-green-node-count-clean-server-20260806-111702\vs-green\block-010\attempt-01\N8\benchmark\no-coordinator-r1\normal1\normal1.binlog","C:\perf\results\vs-green-node-count-clean-server-20260806-111702\vs-green\block-010\attempt-01\N8\benchmark\no-coordinator-r1\normal1\normal1.out.log","C:\perf\results\vs-green-node-count-clean-server-20260806-111702\vs-green\block-010\attempt-01\N8\benchmark\no-coordinator-r1\normal1\normal1.err.log","C:\perf\results\vs-green-node-count-clean-server-20260806-111702\vs-green\block-010\attempt-01\N8\benchmark\no-coordinator-r1\runs.csv","C:\perf\results\vs-green-node-count-clean-server-20260806-111702\vs-green\block-010\attempt-01\N8\monitor\system.csv","C:\perf\results\vs-green-node-count-clean-server-20260806-111702\vs-green\block-010\attempt-01\N8\monitor\processes.csv","C:\perf\results\vs-green-node-count-clean-server-20260806-111702\vs-green\block-010\attempt-01\N8\monitor\probes.csv","C:\perf\results\vs-green-node-count-clean-server-20260806-111702\vs-green\block-010\attempt-01\N8\setup\scenario-summary.csv"
"vs-green","solution-clean","11","10","False","1","1","N16","16","28556","2026-08-06T16:52:30.7099557Z","2026-08-06T16:54:52.3886751Z","141.68","141.68","1.7252624","0",,"5.0435433","5.0424901","2713.375","47797","3914.84375","2723.4140625","45","34.75","100","37","111777.433","278.817","55.77056658840179","7.879266904830932","51.29760231399536","2","1482","10","C:\perf\results\vs-green-node-count-clean-server-20260806-111702\vs-green\block-011\attempt-01\N16\benchmark\no-coordinator-r1\normal1\normal1.binlog","C:\perf\results\vs-green-node-count-clean-server-20260806-111702\vs-green\block-011\attempt-01\N16\benchmark\no-coordinator-r1\normal1\normal1.out.log","C:\perf\results\vs-green-node-count-clean-server-20260806-111702\vs-green\block-011\attempt-01\N16\benchmark\no-coordinator-r1\normal1\normal1.err.log","C:\perf\results\vs-green-node-count-clean-server-20260806-111702\vs-green\block-011\attempt-01\N16\benchmark\no-coordinator-r1\runs.csv","C:\perf\results\vs-green-node-count-clean-server-20260806-111702\vs-green\block-011\attempt-01\N16\monitor\system.csv","C:\perf\results\vs-green-node-count-clean-server-20260806-111702\vs-green\block-011\attempt-01\N16\monitor\processes.csv","C:\perf\results\vs-green-node-count-clean-server-20260806-111702\vs-green\block-011\attempt-01\N16\monitor\probes.csv","C:\perf\results\vs-green-node-count-clean-server-20260806-111702\vs-green\block-011\attempt-01\N16\setup\scenario-summary.csv"
"vs-green","solution-clean","11","10","False","1","2","N8","8","22084","2026-08-06T16:55:35.3850861Z","2026-08-06T16:57:56.8985081Z","141.51","141.51","1.7612548","0",,"5.0326023","5.0398643","2138.81640625","48745","7351.74609375","6692.5625","213","30.343","98.373","14","102387.132","212.373","45.90318930530548","0.13855212211608886","43.836439054489134","1","1464.19921875","10","C:\perf\results\vs-green-node-count-clean-server-20260806-111702\vs-green\block-011\attempt-01\N8\benchmark\no-coordinator-r1\normal1\normal1.binlog","C:\perf\results\vs-green-node-count-clean-server-20260806-111702\vs-green\block-011\attempt-01\N8\benchmark\no-coordinator-r1\normal1\normal1.out.log","C:\perf\results\vs-green-node-count-clean-server-20260806-111702\vs-green\block-011\attempt-01\N8\benchmark\no-coordinator-r1\normal1\normal1.err.log","C:\perf\results\vs-green-node-count-clean-server-20260806-111702\vs-green\block-011\attempt-01\N8\benchmark\no-coordinator-r1\runs.csv","C:\perf\results\vs-green-node-count-clean-server-20260806-111702\vs-green\block-011\attempt-01\N8\monitor\system.csv","C:\perf\results\vs-green-node-count-clean-server-20260806-111702\vs-green\block-011\attempt-01\N8\monitor\processes.csv","C:\perf\results\vs-green-node-count-clean-server-20260806-111702\vs-green\block-011\attempt-01\N8\monitor\probes.csv","C:\perf\results\vs-green-node-count-clean-server-20260806-111702\vs-green\block-011\attempt-01\N8\setup\scenario-summary.csv"
"vs-green","solution-clean","11","10","False","1","3","N4","4","31112","2026-08-06T16:58:39.5411917Z","2026-08-06T17:01:37.6699345Z","178.13","178.14","1.7730767","0",,"5.0338118","5.0459782","2064.1640625","48902","2452.078125","2097.08984375","15","22.829","96.832","10","113281.992","213.628","34.09109742450714","0.016530111312866212","34.09109742450714","1","1409.28125","9","C:\perf\results\vs-green-node-count-clean-server-20260806-111702\vs-green\block-011\attempt-01\N4\benchmark\no-coordinator-r1\normal1\normal1.binlog","C:\perf\results\vs-green-node-count-clean-server-20260806-111702\vs-green\block-011\attempt-01\N4\benchmark\no-coordinator-r1\normal1\normal1.out.log","C:\perf\results\vs-green-node-count-clean-server-20260806-111702\vs-green\block-011\attempt-01\N4\benchmark\no-coordinator-r1\normal1\normal1.err.log","C:\perf\results\vs-green-node-count-clean-server-20260806-111702\vs-green\block-011\attempt-01\N4\benchmark\no-coordinator-r1\runs.csv","C:\perf\results\vs-green-node-count-clean-server-20260806-111702\vs-green\block-011\attempt-01\N4\monitor\system.csv","C:\perf\results\vs-green-node-count-clean-server-20260806-111702\vs-green\block-011\attempt-01\N4\monitor\processes.csv","C:\perf\results\vs-green-node-count-clean-server-20260806-111702\vs-green\block-011\attempt-01\N4\monitor\probes.csv","C:\perf\results\vs-green-node-count-clean-server-20260806-111702\vs-green\block-011\attempt-01\N4\setup\scenario-summary.csv"
"vs-green","solution-clean","12","11","False","1","1","N4","4","25096","2026-08-06T17:02:28.8825658Z","2026-08-06T17:04:47.1570260Z","138.27","138.27","1.8917034","0",,"5.0413922","5.0282956","2131.171875","48915","2350.7265625","1984.421875","15","31.114","95.398","10","110304.292","182.074","41.254768141746524","0.007696664810180664","40.289586492538454","1","1436.96875","9","C:\perf\results\vs-green-node-count-clean-server-20260806-111702\vs-green\block-012\attempt-01\N4\benchmark\no-coordinator-r1\normal1\normal1.binlog","C:\perf\results\vs-green-node-count-clean-server-20260806-111702\vs-green\block-012\attempt-01\N4\benchmark\no-coordinator-r1\normal1\normal1.out.log","C:\perf\results\vs-green-node-count-clean-server-20260806-111702\vs-green\block-012\attempt-01\N4\benchmark\no-coordinator-r1\normal1\normal1.err.log","C:\perf\results\vs-green-node-count-clean-server-20260806-111702\vs-green\block-012\attempt-01\N4\benchmark\no-coordinator-r1\runs.csv","C:\perf\results\vs-green-node-count-clean-server-20260806-111702\vs-green\block-012\attempt-01\N4\monitor\system.csv","C:\perf\results\vs-green-node-count-clean-server-20260806-111702\vs-green\block-012\attempt-01\N4\monitor\processes.csv","C:\perf\results\vs-green-node-count-clean-server-20260806-111702\vs-green\block-012\attempt-01\N4\monitor\probes.csv","C:\perf\results\vs-green-node-count-clean-server-20260806-111702\vs-green\block-012\attempt-01\N4\setup\scenario-summary.csv"
"vs-green","solution-clean","12","11","False","1","2","N16","16","38476","2026-08-06T17:05:28.5536593Z","2026-08-06T17:07:47.4131855Z","138.86","138.86","1.7967966","0",,"5.0366756","5.0626686","2580.40625","48037","3899.98046875","2723.49609375","45","33.4105","100","24","95902.004","334.941","39.54908948802948","0.049900700569152835","39.54908948802948","0","1413.12109375","9","C:\perf\results\vs-green-node-count-clean-server-20260806-111702\vs-green\block-012\attempt-01\N16\benchmark\no-coordinator-r1\normal1\normal1.binlog","C:\perf\results\vs-green-node-count-clean-server-20260806-111702\vs-green\block-012\attempt-01\N16\benchmark\no-coordinator-r1\normal1\normal1.out.log","C:\perf\results\vs-green-node-count-clean-server-20260806-111702\vs-green\block-012\attempt-01\N16\benchmark\no-coordinator-r1\normal1\normal1.err.log","C:\perf\results\vs-green-node-count-clean-server-20260806-111702\vs-green\block-012\attempt-01\N16\benchmark\no-coordinator-r1\runs.csv","C:\perf\results\vs-green-node-count-clean-server-20260806-111702\vs-green\block-012\attempt-01\N16\monitor\system.csv","C:\perf\results\vs-green-node-count-clean-server-20260806-111702\vs-green\block-012\attempt-01\N16\monitor\processes.csv","C:\perf\results\vs-green-node-count-clean-server-20260806-111702\vs-green\block-012\attempt-01\N16\monitor\probes.csv","C:\perf\results\vs-green-node-count-clean-server-20260806-111702\vs-green\block-012\attempt-01\N16\setup\scenario-summary.csv"
"vs-green","solution-clean","12","11","False","1","3","N8","8","29268","2026-08-06T17:08:34.9150909Z","2026-08-06T17:10:51.7856025Z","136.87","136.87","2.0158078","0",,"5.0338261","5.0309914","2346.9765625","48697","2859.6328125","2220.6171875","29","31.862","97.877","18","98669.136","246.647","36.74494674491882","0.05014693164825439","36.74494674491882","0","1415.34375","9","C:\perf\results\vs-green-node-count-clean-server-20260806-111702\vs-green\block-012\attempt-01\N8\benchmark\no-coordinator-r1\normal1\normal1.binlog","C:\perf\results\vs-green-node-count-clean-server-20260806-111702\vs-green\block-012\attempt-01\N8\benchmark\no-coordinator-r1\normal1\normal1.out.log","C:\perf\results\vs-green-node-count-clean-server-20260806-111702\vs-green\block-012\attempt-01\N8\benchmark\no-coordinator-r1\normal1\normal1.err.log","C:\perf\results\vs-green-node-count-clean-server-20260806-111702\vs-green\block-012\attempt-01\N8\benchmark\no-coordinator-r1\runs.csv","C:\perf\results\vs-green-node-count-clean-server-20260806-111702\vs-green\block-012\attempt-01\N8\monitor\system.csv","C:\perf\results\vs-green-node-count-clean-server-20260806-111702\vs-green\block-012\attempt-01\N8\monitor\processes.csv","C:\perf\results\vs-green-node-count-clean-server-20260806-111702\vs-green\block-012\attempt-01\N8\monitor\probes.csv","C:\perf\results\vs-green-node-count-clean-server-20260806-111702\vs-green\block-012\attempt-01\N8\setup\scenario-summary.csv"
"vs-green","solution-clean","13","12","False","1","1","N8","8","39400","2026-08-06T17:11:41.4117380Z","2026-08-06T17:13:59.3441811Z","137.93","137.93","1.7619524","0",,"5.0410201","5.0317618","2361.6640625","48518","2980.4140625","2334.03515625","27","32.664","96.929","14","108902.893","203.787","43.22962035179138","0.015404202461242677","43.22962035179138","1","1417.84375","8","C:\perf\results\vs-green-node-count-clean-server-20260806-111702\vs-green\block-013\attempt-01\N8\benchmark\no-coordinator-r1\normal1\normal1.binlog","C:\perf\results\vs-green-node-count-clean-server-20260806-111702\vs-green\block-013\attempt-01\N8\benchmark\no-coordinator-r1\normal1\normal1.out.log","C:\perf\results\vs-green-node-count-clean-server-20260806-111702\vs-green\block-013\attempt-01\N8\benchmark\no-coordinator-r1\normal1\normal1.err.log","C:\perf\results\vs-green-node-count-clean-server-20260806-111702\vs-green\block-013\attempt-01\N8\benchmark\no-coordinator-r1\runs.csv","C:\perf\results\vs-green-node-count-clean-server-20260806-111702\vs-green\block-013\attempt-01\N8\monitor\system.csv","C:\perf\results\vs-green-node-count-clean-server-20260806-111702\vs-green\block-013\attempt-01\N8\monitor\processes.csv","C:\perf\results\vs-green-node-count-clean-server-20260806-111702\vs-green\block-013\attempt-01\N8\monitor\probes.csv","C:\perf\results\vs-green-node-count-clean-server-20260806-111702\vs-green\block-013\attempt-01\N8\setup\scenario-summary.csv"
"vs-green","solution-clean","13","12","False","1","2","N4","4","1044","2026-08-06T17:14:43.5559504Z","2026-08-06T17:17:28.9528261Z","165.4","165.4","1.766952","0",,"5.0381753","5.0305059","1987.48828125","48969","2449.1328125","2090.0859375","15","24.159","96.37","7","94577.567","211.905","39.55903516101837","0.05092246437072754","39.55903516101837","1","1421.18359375","8","C:\perf\results\vs-green-node-count-clean-server-20260806-111702\vs-green\block-013\attempt-01\N4\benchmark\no-coordinator-r1\normal1\normal1.binlog","C:\perf\results\vs-green-node-count-clean-server-20260806-111702\vs-green\block-013\attempt-01\N4\benchmark\no-coordinator-r1\normal1\normal1.out.log","C:\perf\results\vs-green-node-count-clean-server-20260806-111702\vs-green\block-013\attempt-01\N4\benchmark\no-coordinator-r1\normal1\normal1.err.log","C:\perf\results\vs-green-node-count-clean-server-20260806-111702\vs-green\block-013\attempt-01\N4\benchmark\no-coordinator-r1\runs.csv","C:\perf\results\vs-green-node-count-clean-server-20260806-111702\vs-green\block-013\attempt-01\N4\monitor\system.csv","C:\perf\results\vs-green-node-count-clean-server-20260806-111702\vs-green\block-013\attempt-01\N4\monitor\processes.csv","C:\perf\results\vs-green-node-count-clean-server-20260806-111702\vs-green\block-013\attempt-01\N4\monitor\probes.csv","C:\perf\results\vs-green-node-count-clean-server-20260806-111702\vs-green\block-013\attempt-01\N4\setup\scenario-summary.csv"
"vs-green","solution-clean","13","12","False","1","3","N16","16","39280","2026-08-06T17:18:12.8411913Z","2026-08-06T17:20:32.8602494Z","140.02","140.02","1.879379","0",,"5.0414254","5.0385753","2445.5","48081","3847.35546875","2675.23046875","43","33.736","100","22","125380.964","290.473","40.34460025310516","0.016417948722839356","40.28298192501068","1","1410.98046875","8","C:\perf\results\vs-green-node-count-clean-server-20260806-111702\vs-green\block-013\attempt-01\N16\benchmark\no-coordinator-r1\normal1\normal1.binlog","C:\perf\results\vs-green-node-count-clean-server-20260806-111702\vs-green\block-013\attempt-01\N16\benchmark\no-coordinator-r1\normal1\normal1.out.log","C:\perf\results\vs-green-node-count-clean-server-20260806-111702\vs-green\block-013\attempt-01\N16\benchmark\no-coordinator-r1\normal1\normal1.err.log","C:\perf\results\vs-green-node-count-clean-server-20260806-111702\vs-green\block-013\attempt-01\N16\benchmark\no-coordinator-r1\runs.csv","C:\perf\results\vs-green-node-count-clean-server-20260806-111702\vs-green\block-013\attempt-01\N16\monitor\system.csv","C:\perf\results\vs-green-node-count-clean-server-20260806-111702\vs-green\block-013\attempt-01\N16\monitor\processes.csv","C:\perf\results\vs-green-node-count-clean-server-20260806-111702\vs-green\block-013\attempt-01\N16\monitor\probes.csv","C:\perf\results\vs-green-node-count-clean-server-20260806-111702\vs-green\block-013\attempt-01\N16\setup\scenario-summary.csv"
