"Path","Category","Bytes","SHA256"
"current-vs-final/isolated/comparisons.csv","current-vs-final","1161","139CB1FE66AA42D14B36C299D4BE6DF2443B68EAB44CA29176BC0D10101D1B19"
"current-vs-final/isolated/grant-summary.csv","current-vs-final","3255","E7DAE7A57D38A8E9FB96FABA5AF7C6EF4D127CD5F204C6B66B4413BF1BCC2951"
"current-vs-final/isolated/identities.json","current-vs-final","1012","098482081BFA64F85F62FCD3667347C0BEAC001D87D2BC4182FB434232254E9A"
"current-vs-final/isolated/invalid-attempts.csv","current-vs-final","1199","B30825C8D2A259D91B2BC7C42C8A6479DEB2B544C52114D7CECD8648FFF3556F"
"current-vs-final/isolated/manifest.csv","current-vs-final","1664","52E4E33B205FDD1F6AD99A60FA1709A54B710F4578D64EC0358E1BE0C713B775"
"current-vs-final/isolated/matrix-plan.csv","current-vs-final","1887","99F8D510E6C49037B736BCB3FA584BC085B6820ED84227FF56EE3D30B0541FA3"
"current-vs-final/isolated/plan-validation.json","current-vs-final","560","922FE2CF111B8ECDFCB4C7DAF5ECA4BB65D791F474AB2158E9FDCD80B70A2B18"
"current-vs-final/isolated/pressure-summary.csv","current-vs-final","831","544EA1C0E738134615B7B021495BBA832C3EB959D36D7FD991BD338B308666D4"
"current-vs-final/isolated/README.md","current-vs-final","1055","CF4203FD9D625CB58F1E8C7FF570B914EA3E74FDD29B56AC3EA253EE6FE12134"
"current-vs-final/isolated/scenario-metrics.csv","current-vs-final","8539","E75C6262B83F4DB98A8BCFAF45FA54AD86D3503B1B1717638A568FFCF9B9A00D"
"current-vs-final/isolated/SHA256SUMS.csv","current-vs-final","696","18EB5D5EE6FED53B87F6EFABB8181F5D5C4F5C3D94753A859B82AE6CD9843A01"
"current-vs-final/isolated/tooling/Analyze-IsolatedMatrix.ps1","current-vs-final","12397","D2EFFDA44076332388C0CE99137AAD6255EFF0DFFAB1BDA1114F5C2E99EBCABE"
"current-vs-final/isolated/tooling/Launch-IsolatedMatrix.ps1","current-vs-final","3583","697AF1D90692BBAF7C912EB72FE0AAAF7BB304A1D85F9029C42821E9E041977E"
"current-vs-final/isolated/tooling/Monitor-PublicRepoCoordinatorBenchmark.ps1","current-vs-final","17347","25F47D8059512C5B67A79B88AFBCBAC4093A1B14419F9F27C2919ED724502D96"
"current-vs-final/isolated/tooling/Run-PublicRepoCoordinatorBenchmark.ps1","current-vs-final","30153","51B116BE139536D329AB722D0C609E727A699BE03685BD402133FE2A1A49104F"
"current-vs-final/isolated/tooling/Run-PublicRepoCoordinatorMatrix.ps1","current-vs-final","65468","A0E11717F5F605E357CD8344AD107E5090F6D845CF651671BE862D5161A3A13E"
"current-vs-final/isolated/validated-report.md","current-vs-final","3450","E7DFDC7F9468857C51DCACC305F8D7B2C1F1FADE54242CDB95D7C4F6F798933B"
"current-vs-final/package-manifest.json","current-vs-final","17670","D0EA7817CF6E66DBFF0BF29A02A7F099E668BAF99D1E5459AC9059DC9C005F67"
"current-vs-final/README.md","current-vs-final","761","948E5DFCC918C1F9500F0B7C04A675E77101012127BF1F9792779C65933DF8E9"
"current-vs-final/sustained/binlog-hash-index.json","current-vs-final","159479","D51DD67D734775360901A2BE2172ECBCD060DC0301F370E23ED75B946BD17F7F"
"current-vs-final/sustained/condition-summaries.json","current-vs-final","3639","4378457DA7411C6BE5A40A780D531CB687A9FECFB73243F0049265BE744B5E68"
"current-vs-final/sustained/identities-and-configuration.json","current-vs-final","1502","8D0C26DD48122ED14D363910AD0805D5D51439C713D9216898682DD93141140A"
"current-vs-final/sustained/invalid-attempts.json","current-vs-final","452","8C6BF7095D88E664948656B24F6732FD5CF750F312768E5A5656B9B5D0B9EDEE"
"current-vs-final/sustained/launch-and-validity.json","current-vs-final","1002","BFF2DBC778E3A6F82AD127CC52B276EAAE90E06F16F9ED36B5ACA2170B2A9889"
"current-vs-final/sustained/package-manifest.json","current-vs-final","4008","D4DAD80E9B4A640D1E7EA688DAE7210F81C51ADEDA67280F25034BCEB168885C"
"current-vs-final/sustained/paired-estimates.csv","current-vs-final","48086","B0B8D972E5F9BB9A692C5222FD8B3CBBA9A9691857AC2A386ABDEDC41EC8B234"
"current-vs-final/sustained/paired-estimates.json","current-vs-final","100127","D9D72D78350E0161CB5D1EDA9C7609E8A3F52EAF0E17C74F50B4C4142E663E31"
"current-vs-final/sustained/paired-raw-values.json","current-vs-final","60571","024B713FC58403578EC3AD95098B023242758E9476B5ACFFFC1095C0ED0FF5E4"
"current-vs-final/sustained/raw-scenarios.csv","current-vs-final","6530","AA10C30D83FA81D0D7797C67B6C9C161EF635A3257BFA080403482AD427A823D"
"current-vs-final/sustained/raw-scenarios.json","current-vs-final","21688","7D952714C9F7FA1AA1197B49F0F4BAF15271AC1F44891C5A7D103E6EEAA7C89A"
"current-vs-final/sustained/report.md","current-vs-final","11599","15DF97A35B31FF2B895F78C4622F96D2378899843E5E18D518DE2EDA47E0FF66"
"current-vs-final/sustained/tooling-hash-index.json","current-vs-final","1583","64872A6011E8F56326F4E370BEDC09E801C06580A1B75D228A343A668AABC13D"
"current-vs-final/sustained/tooling/Analysis.Common.ps1","current-vs-final","7858","2F0BB8D61ADCD1A42235DA8BAB637FEE3AE203C0C14254C313F486A4BA05CD24"
"current-vs-final/sustained/tooling/Analyze-SimpleSustainedCombined.ps1","current-vs-final","21728","733FE74838F2FE310421FCE0728BE5ED9E69A9236098855CDAE4B74FB1A00FEF"
"current-vs-final/sustained/tooling/Campaign.Common.ps1","current-vs-final","142146","7C81E3C0C5DEC609156DA237A4291B71B6C18121F4E3F4FF99E3F083F9AA5A15"
"current-vs-final/sustained/tooling/CoordinatorTrace.ps1","current-vs-final","33761","4129D8F8E2E3F72A586E9FD66536B3EC306CBE6C9943A9EABEC7B2367AA8E821"
"current-vs-final/sustained/tooling/Invoke-GrantReplay.ps1","current-vs-final","5622","9F4BE24D706EECDFDC20095E03D7E4449271B265DC4C536759FC1764379547B5"
"current-vs-final/sustained/tooling/Invoke-SimpleSustainedScenario.ps1","current-vs-final","42286","C962D27CCEA7A05E2C8040310D472911366BA15BAE9B9F1417BA79A5586F7795"
"current-vs-final/sustained/tooling/Monitor-Campaign.ps1","current-vs-final","1640","CD295EC7B85F7E1AB4F9D445A73A05584A270A18EFB86BD7F1632A2BC0954074"
"current-vs-final/sustained/tooling/Run-SimpleSustainedCampaign.ps1","current-vs-final","11369","78B8AA35A7D03CD829F7D466E39062E9AB062254DADF7E4A3BE39C0CD3745C24"
"current-vs-final/sustained/tooling/Run-SimpleSustainedSupplement.ps1","current-vs-final","7848","650EADF0B044796D996042F749897260A7841A17C98DBF0281F93E81A1D5C13F"
"current-vs-final/sustained/tooling/Scenario.Common.ps1","current-vs-final","124319","428E06DF86F412C6056FEC4D52EDEE180DEB962082CA1CEE12ED641E2143CBBE"
"current-vs-final/sustained/tooling/SustainedCampaign.Common.ps1","current-vs-final","39344","31C8FEB6CDBC8E0DF70E5CAE01E1DFB349614C8010A840A1C6EC7811DE8B932B"
"current-vs-final/tooling/Analysis.Common.ps1","current-vs-final","7858","2F0BB8D61ADCD1A42235DA8BAB637FEE3AE203C0C14254C313F486A4BA05CD24"
"current-vs-final/tooling/Analyze-Campaign.ps1","current-vs-final","20731","78C59CA9A4046EC0209E29E12002382BA3A7963C5D5905507B498A770D305609"
"current-vs-final/tooling/Build-ExactRevisions.ps1","current-vs-final","11304","889AFDB1376408E6E508AD3DA99B24561522F5033EBCDEF29589551DDD2DA410"
"current-vs-final/tooling/Campaign.Common.ps1","current-vs-final","142146","7C81E3C0C5DEC609156DA237A4291B71B6C18121F4E3F4FF99E3F083F9AA5A15"
"current-vs-final/tooling/ControllerValidation.ps1","current-vs-final","10475","40358C4F94903E2A962F47A4D5041DEE51BED07AB51C02B8D3E62BA83AF4158A"
"current-vs-final/tooling/CoordinatorTrace.ps1","current-vs-final","33761","4129D8F8E2E3F72A586E9FD66536B3EC306CBE6C9943A9EABEC7B2367AA8E821"
"current-vs-final/tooling/fixtures/base-valid-runs.json","current-vs-final","455","F60228E89BCB3594816706BA59804A4887DBB18B6FD336BE05CF3D09EB2A73C2"
"current-vs-final/tooling/fixtures/base-valid.trace","current-vs-final","1964","A04C5C07366C8ABFC1FB397B467301237CA58AD1E743F2421D31D6A499CF7C50"
"current-vs-final/tooling/fixtures/controller-invalid-late-launch.json","current-vs-final","1033","B173E5D4283FE89BA8205AEB248227BDCF3919891BF20BAD2DAC027668B6E159"
"current-vs-final/tooling/fixtures/controller-invalid-nonexistent-completion.json","current-vs-final","853","FC2A8274FBC4E8D560F1F9E1DB871684EC431495BDF571DD3E33DB7653B1106E"
"current-vs-final/tooling/fixtures/controller-model.json","current-vs-final","173","CCD40F3C86F7B6C4AF1F093282D921B42847CAF02DBFF16D349D5CB6F2B47F14"
"current-vs-final/tooling/fixtures/coordinator-job-membership.json","current-vs-final","1727","70E3ABF20C2EF2E74D17A7DAF6AFB0DB3FBAB5CF37C0F6EFFF4F22490790E9EE"
"current-vs-final/tooling/fixtures/final-missing-root-runs.json","current-vs-final","351","8C067F6CE937688E0AB3F9430A21BCC4D981E1CC230D15861F68ED46DA642951"
"current-vs-final/tooling/fixtures/final-valid-runs.json","current-vs-final","677","244CED45268C7552AE8B408F3249BB9465B664303CB91E74D90C059CCC3FA7A6"
"current-vs-final/tooling/fixtures/final-valid.trace","current-vs-final","1835","96600AACA6C88AE8A8096EFAEE8E68D3218A18F83333AA0264D662F4F0DA5751"
"current-vs-final/tooling/fixtures/invalid.trace","current-vs-final","262","46D084B840D94C747FB45212192258C8A67DFC2520706D0A6B93843F25CA6E08"
"current-vs-final/tooling/fixtures/scenario-identity-swapped.json","current-vs-final","1166","A3EDF46581BCF84A640A4AB6ACFB9F8D3C7DC37D9897F33961C064A121FE18D3"
"current-vs-final/tooling/fixtures/sustained-churn-runs.json","current-vs-final","1225","B3D6438F22B5FCE0BCF3735D02BF4B6D5E67E29DA97C156DD3C95D1953183658"
"current-vs-final/tooling/fixtures/sustained-churn.trace","current-vs-final","4586","64BE599671F098C976F78416F1435AE3BD18DB78451CE81C9E70429CA2E3778A"
"current-vs-final/tooling/fixtures/utc-offset-window.json","current-vs-final","142","4958B56C26E35A30B6D0E594BE104E0C161E1E03C1FCBC838B0B951C278501BC"
"current-vs-final/tooling/Get-CampaignStatus.ps1","current-vs-final","2224","EA717F7474EA3C6819162FC3438D2392743757DC6BD8F08288B0411E24DABC57"
"current-vs-final/tooling/GrantReplay/GrantReplay.csproj","current-vs-final","627","EDF634E9F0D2DC25C195CD6FD5EA02D179B8C4D0EC5BC150C7CAF4CF74DFD95A"
"current-vs-final/tooling/GrantReplay/Program.cs","current-vs-final","2948","0DE551BED2BC51CDA0DD1DD10C6037C3EC3C3D11072F8BC3383F6EA749C2175F"
"current-vs-final/tooling/Invoke-GrantReplay.ps1","current-vs-final","5622","9F4BE24D706EECDFDC20095E03D7E4449271B265DC4C536759FC1764379547B5"
"current-vs-final/tooling/Invoke-Scenario.ps1","current-vs-final","46602","66EA7070A3200882BAB11B1960480B7B47F689DDEB2431F1E7D2B81562255BE1"
"current-vs-final/tooling/Launch-Campaign.ps1","current-vs-final","7051","4AD08C2FD91ED02562CE05AD75601773855AD36D63650805D209BC59734E61CA"
"current-vs-final/tooling/Monitor-Campaign.ps1","current-vs-final","1640","CD295EC7B85F7E1AB4F9D445A73A05584A270A18EFB86BD7F1632A2BC0954074"
"current-vs-final/tooling/PhaseOneDisposablePreflight.Common.ps1","current-vs-final","68857","23469611038BF6C8B1288A89A06214A5D9C47D34331348966C5640D24EE1B9F5"
"current-vs-final/tooling/Prepare-Workloads.ps1","current-vs-final","14225","3677CD910D3D2922977FF99DE1BB550F0E07EEEFC3AB311E0DCB31AC3CEBE933"
"current-vs-final/tooling/Publish-Evidence.ps1","current-vs-final","8664","7B3C5635C50D871DF4265C4BA3CD8B263DEAC3B377CA0E3E7668F3211B486FFA"
"current-vs-final/tooling/README.md","current-vs-final","12776","F0CE71DFA438AF225409BC65CA577139D9777636B4F0D599B6F34250EEC8D30E"
"current-vs-final/tooling/Reset-PreparedWorktrees.ps1","current-vs-final","11411","C57DB819B656919CFB3672C39DB79BF08FF7D50C2F3E552090692B76F044AD70"
"current-vs-final/tooling/Run-Campaign.ps1","current-vs-final","35577","576C0C483D399AD65CB4488BDB0406CBF4F3C3307F1531E9422871A6ACC221BF"
"current-vs-final/tooling/Run-DirectProjectSmoke.ps1","current-vs-final","7603","5EC14B243CDAF4749AE860B52F082B5051CBF8AAA2F1ABDF4EC7D25B67B02CEB"
"current-vs-final/tooling/Run-PhaseOneDisposablePreflight.ps1","current-vs-final","77875","8DE3C1BF13B8FCA409F0CCD7BC6C47519EC63F64E280F7B0B3F022A9B7BCABDA"
"current-vs-final/tooling/Run-PreflightValidation.ps1","current-vs-final","16832","DDF1D6D9E0B96E01ECF394DDFCE7E9EFCB2C6C124F9CA30ACA7B6C5C775FA2CF"
"current-vs-final/tooling/Run-ProjectTimingGate.ps1","current-vs-final","17659","8E21E1B2AAE859F3180A66B491B6C0AB78C75B6BD94099967144E7329E856114"
"current-vs-final/tooling/Scenario.Common.ps1","current-vs-final","124319","428E06DF86F412C6056FEC4D52EDEE180DEB962082CA1CEE12ED641E2143CBBE"
"current-vs-final/tooling/simple/Analyze-SimpleSustainedCampaign.ps1","current-vs-final","11060","17D2D30649631688DEF4260FAEDF6EB44B9564B3EB82A68EC6E0577DCACA51AA"
"current-vs-final/tooling/simple/Analyze-SimpleSustainedCombined.ps1","current-vs-final","21728","733FE74838F2FE310421FCE0728BE5ED9E69A9236098855CDAE4B74FB1A00FEF"
"current-vs-final/tooling/simple/Invoke-SimpleSustainedScenario.ps1","current-vs-final","42286","C962D27CCEA7A05E2C8040310D472911366BA15BAE9B9F1417BA79A5586F7795"
"current-vs-final/tooling/simple/Run-SimpleSustainedCampaign.ps1","current-vs-final","11369","78B8AA35A7D03CD829F7D466E39062E9AB062254DADF7E4A3BE39C0CD3745C24"
"current-vs-final/tooling/simple/Run-SimpleSustainedSupplement.ps1","current-vs-final","7848","650EADF0B044796D996042F749897260A7841A17C98DBF0281F93E81A1D5C13F"
"current-vs-final/tooling/sustained/Analyze-SustainedCampaign.ps1","current-vs-final","26131","9C98B132A61C13D24F240D70E4AF5716D27A83B99DBDBC29D8F595B00C585BE2"
"current-vs-final/tooling/sustained/Build-SustainedExactRevisions.ps1","current-vs-final","15321","A746BC9FD3BC241F5232C912F0705DF577EDAB0CE90D917F3944EAE07758211E"
"current-vs-final/tooling/sustained/Invoke-SustainedWindowScenario.ps1","current-vs-final","57470","90E7437F800FB24C368B774004DAC7D0516BC4C70ECF9D917BF714057364340A"
"current-vs-final/tooling/sustained/Launch-SustainedCampaign.ps1","current-vs-final","11973","B7D5E9296ACC9819EF905D69AC730BCBF95DFA925E87B4758F0F9C773ECADEE8"
"current-vs-final/tooling/sustained/Prepare-SustainedWorkloads.ps1","current-vs-final","15976","B1B457088F85CBA51603755556AF7FD77C5247C384F346B815DE4DC2D17ACA16"
"current-vs-final/tooling/sustained/Publish-SustainedEvidence.ps1","current-vs-final","8369","98C43A03927A62C70CA426BF0B66A665FEBA8CBFDFD206A2D27C4363E5338FBF"
"current-vs-final/tooling/sustained/README.md","current-vs-final","4985","CC039CF24BB8E3D0708F84581F09C2899D4AEB58CB35019EF599C6C06D6DC55D"
"current-vs-final/tooling/sustained/Reset-SustainedWorktrees.ps1","current-vs-final","10319","B34B4AAA3CB9AD074C8D1CE4C1F0DACD2BFE06E5B845385FA9EFBDE56FFF4296"
"current-vs-final/tooling/sustained/Run-SustainedCampaign.ps1","current-vs-final","23945","94AA05F41D0229611CBD3ADBD39EE87202EB5D1DA577F1580EB446A25CB91E17"
"current-vs-final/tooling/sustained/Run-SustainedPilots.ps1","current-vs-final","12070","59D41BD11A33317A4B2B1A36ECDD4524F5CD38662EE0BBD9F519F9A81843A0C7"
"current-vs-final/tooling/sustained/SustainedCampaign.Common.ps1","current-vs-final","39344","31C8FEB6CDBC8E0DF70E5CAE01E1DFB349614C8010A840A1C6EC7811DE8B932B"
"current-vs-final/tooling/sustained/Test-SustainedCampaign.ps1","current-vs-final","35823","EB0069FAE2B0BD0DAC8B19C7520F15E11F56AFDF81AB1D940754C60E29861757"
"current-vs-final/tooling/sustained/Watch-SustainedCampaignDeadline.ps1","current-vs-final","5074","14341DC08723AFFD51927939FE76EE16E6391AD2E7ED8EAE5CBBEE2BC7C426C0"
"current-vs-final/tooling/SyntheticWork.proj","current-vs-final","358","1A00892CDD753528912C3ED460EF8087D32CE2107BBBC33E2DD06F6DD1B8C23E"
"current-vs-final/tooling/Test-Tooling.ps1","current-vs-final","174358","16A59CB714AF2392CC1107008BFC7270E38D98E18DA296FE84AB17A33E55C613"
"evidence/idle-burst/comparisons.csv","evidence","3650","3E2E6EE5D9E1AE04D9E2CE2FC6B317301450E2BFF3CC117DBD3D7DF8E502EB56"
"evidence/idle-burst/grant-events.csv","evidence","65558","5D5F5A6F3F4D04E65377F58C06BE642D6459CD3C559F38D6BF189D9554AA0173"
"evidence/idle-burst/grant-role-duration-effects.csv","evidence","1169","F85F9CC850F7ABDA1EE044075A5E9B03802BF3BC53CAB303C9D35A7BF7398B2C"
"evidence/idle-burst/grant-scan.json","evidence","63019","BEACA0E0F2EB3510C5D6C682DA8F211AF5B9F1FD5FAB2EF88EDC2693977FE56B"
"evidence/idle-burst/grant-sequences.csv","evidence","4475","FC8BC985A03D3298BB7A5DCA5E750A99FD069303AD9D6556ACB70335E6D3A24B"
"evidence/idle-burst/grant-validation.json","evidence","255","03B08F5B78E1423D8D9D4DA6AE364F0874DEE324412874F803C8543E4D7CC616"
"evidence/idle-burst/label-duration-effects.csv","evidence","1311","DC4D162FE5F8602741B44F6DA165DF04DDABFE9E965CB7CC99887BBD320608D1"
"evidence/idle-burst/paired-block-log-ratios.csv","evidence","4588","6D62921C84981C772F32847309609657C4F72E6012B45B81D00956902ACE9429"
"evidence/idle-burst/pressure-medians.csv","evidence","1342","7401999B283836ED8243B12E4FBFEABF8F47E51F2FA32BBD6F9B641D80ABC296"
"evidence/idle-burst/report.md","evidence","6077","9F35D7BED6D52BE227A5E6F1E9B260D445E205AE1C2AF7894BFCD567D025A337"
"evidence/idle-burst/scenario-metrics.csv","evidence","58640","2A3B6A58054A7B7284884196197DEBBD3993F94FFC30EB55C2D2CCA705993255"
"evidence/idle-burst/SHA256SUMS.csv","evidence","1103","40689480E1A04CBDB6C6CA5BF23EB1D9212E34D5DE40E61AFB3CF19D7B445946"
"evidence/idle-burst/system-gap-warning-summary.csv","evidence","1553","8F880C558ECD37C27418D7BB0104B7D929E008D450AA59C4F06EA26295E54D99"
"evidence/idle-burst/system-gap-warnings.csv","evidence","933","789AD31DA1DD85468F2BF46BB045CFD8CFFE6F1AF2DA5E5C2445EF77C1DD0BAD"
"evidence/idle-burst/validated-report.md","evidence","7684","D754D02ECA12FECD02F3A02D1AE03FE4EF28DB5FBA055C8ABB94B190BF89D1DA"
"evidence/idle-burst/validation.json","evidence","561","30C825AA5BFAF02E34C3698CADC70DDBFA2542D309D5D09253A1926B1774EE6F"
"evidence/node-count/comparisons.csv","evidence","2097","35D3DE739CBC6A8D209B7BBC46C6C799F850AE669FF4C724F0DDCC3641E46114"
"evidence/node-count/completion.json","evidence","152","F61A410235B97944080B82DE733D66BF3C72FE1D01CCBB30A286694BDF72A713"
"evidence/node-count/keep-awake.json","evidence","200","E3A888BDA987BE467FC47FC8F8BCFE297E8F34D560F07BCAE889BF40640DBC79"
"evidence/node-count/manifest.json","evidence","3212","201A7341708B8E0F39FC886E7572E048CC7E247771229EBB743D5328CCB7B052"
"evidence/node-count/matrix-plan.csv","evidence","1747","B5D7CDE8C2750A94A72BD7D8F142DDED57CE4F23384B14D7D44FA750C9CBB0B6"
"evidence/node-count/paired-block-log-ratios.csv","evidence","6554","81C8B7F547DBD4946432441D6A23C1AA213426965B8C53712ED0323881B9147F"
"evidence/node-count/plan-validation.json","evidence","510","05471C3F31E4103AD2FD4DD5CFBCBE9A74BE8A694652067796A92CA1A3ABE198"
"evidence/node-count/pressure-summary.csv","evidence","3229","5BF1DB33439B248136F77E3341C6F2856E02E6E45DBE22D268E5A04C88E3CF42"
"evidence/node-count/report.md","evidence","8601","3D4C49179D2A9AE6E56063B968532DE8278F496FFA4B565C0A0F593B0B128AF9"
"evidence/node-count/run-metadata.json","evidence","20148","1BB12C0F9370B28133BCFFE65F6FE8C12451CCF01B05A269D267127C8BDF8E93"
"evidence/node-count/scenario-metrics.csv","evidence","59138","A7B700E1B259EEB5AC7160D8BF09372CD76AAB8137A85B2491DBFE473D5F8178"
"evidence/node-count/SHA256SUMS.csv","evidence","691","C14F696E6A996E060F13433B8A4C8E9056BE18E1B44C1BCC0461D8440A413F83"
"evidence/node-count/validation.json","evidence","7436","7D69F2AE5ECFE768A8B884EB803E2BD15450C76EDFF73C6EC74249F39B9690EE"
"evidence/priority/comparisons.csv","evidence","2904","49B65A8E7D89175D559E5CBD067B7F07C8235F0A2BA50765E25AA969E4728F62"
"evidence/priority/paired-block-log-ratios.csv","evidence","9996","28B3C51C854F0DB617713E05D7E5E00A84CB5CE2170DF419F85A041644049F11"
"evidence/priority/report.md","evidence","6774","6EB89637EA4783096ED6B69342E5241CAA7B3541E0B07B0A65AABC104D74DCEB"
"evidence/priority/scenario-metrics.csv","evidence","187491","2A3E77D1C7C0D808FA1C04806C342F0260A0C7CD19D0D0B4D639F2CA98368684"
"evidence/priority/system-gap-warning-summary.csv","evidence","2656","5DF56A20D3FB4AAEA5BDB801566EE916E50637F3184F6E00444A1B5621F6B6B9"
"evidence/priority/system-gap-warnings.csv","evidence","24417","F5DDD86DA7C477204655C427343F44FCDCF82F3C4AED96A77489C80FCE168AB1"
"evidence/priority/validation.json","evidence","579","16CE441816F56B6F9EB50CA5A78C05DAA2C2E5FFAF17E9F473F10E63C2CF8DEE"
"evidence/vs-green/comparisons.csv","evidence","1278","CF286CBC1552E8FE5ED5B89CF7F1747AA8FE961FA31BF95BAD70B64AFB28529E"
"evidence/vs-green/completion.json","evidence","153","320B690DD531245A5DD11AE55424511A9CC35D0A413A853315858DE91CE9E086"
"evidence/vs-green/keep-awake.json","evidence","200","4821831D3B198868C93FBFA0591C8E11E38FEEBB49B54516F5BE6416CA5D4B87"
"evidence/vs-green/manifest.json","evidence","2720","706AC559D6F5F1B487177624BF07DC52D661222FC34CF63709FDEF91F437D12D"
"evidence/vs-green/matrix-plan.csv","evidence","1731","415918133CD03BA7567D4DDFF08913DE0D4B10A689ABBED05E24126B6FAC48C9"
"evidence/vs-green/paired-block-log-ratios.csv","evidence","6679","72200E6346C440E38749B41811CFFBD8BDB5D79AE04C16896716DA841BF040EB"
"evidence/vs-green/plan-validation.json","evidence","510","54441855E0374A4021FE0616240A08C88C8870024203D189071B41E99BA61885"
"evidence/vs-green/pressure-summary.csv","evidence","2048","D5F4F44C85AEFF1DB3B571A8F9C80E30477B7F790A1D517C442DA917976D8814"
"evidence/vs-green/report.md","evidence","7024","1EFCABA18FD2805E2E4CC2B1670D91C0D924FAABE900775531A7AA917E2A8BFA"
"evidence/vs-green/run-metadata.json","evidence","18039","1096DF3455A5672B5C83A702F6DD22AD2711EF9CC6068C040A24EBBEFE92FB38"
"evidence/vs-green/scenario-metrics.csv","evidence","57831","1C11AC78F59840CE62110ACF31339ACADBCB475CDF433010A077E7AE95E4529A"
"evidence/vs-green/SHA256SUMS.csv","evidence","691","729BCB452AE83D8DC628FFB4EE0750C30BBA15894ED3D3B58053024964B8FD83"
"evidence/vs-green/validation.json","evidence","6150","69D039AC1F580FB19FDD33D7B31E69B81326CB5CDBB45768D3338BD026E38651"
"identities/source-and-binary-identities.json","identities","1546","148222CB66BFB0CEF35EA6EFA68E545F20ED429BEE62CFE07DA778F5AE275301"
"idle-burst-binlog-file-list.txt","idle-burst-binlog-file-list.txt","18440","A891632F1D3FAB18B608B0BC906A4434A89DC3CA786DB712A66E8F11353CAA5A"
"launch-records/idle-burst/completion.json","launch-records","201","5D4A8F988D2750C2EF8E6CD6D5A9EE7D4BBF7D8E4E7AFA7E9B5C36E3F607F165"
"launch-records/idle-burst/launcher.json","launch-records","517","2DD9FF2330BE456DB2B66284CA2A3F40AE84DF473B9E8FE154EF8C2D6215EDA4"
"launch-records/idle-burst/pid.txt","launch-records","7","5A206C18FF85F2373D6F51AC5E9B8B081FCE6413D59CB8B3A5F5607CF9C17384"
"launch-records/idle-burst/start.json","launch-records","1853","E55C6341D88616CF52D2E058116C3ED56327D9EA7ACB0247068E7F0DAB6E757C"
"launch-records/idle-burst/stderr.log","launch-records","0","E3B0C44298FC1C149AFBF4C8996FB92427AE41E4649B934CA495991B7852B855"
"launch-records/idle-burst/stdout.log","launch-records","107258","B649BF2449FAB345CCD626A98C7F4E951C9DFA2B95050DD0219B4FACC45DD511"
"launch-records/node-count/node-count-clean-solution-20260804-175600.orchestrator.err.log","launch-records","0","E3B0C44298FC1C149AFBF4C8996FB92427AE41E4649B934CA495991B7852B855"
"launch-records/node-count/node-count-clean-solution-20260804-175600.orchestrator.exit.txt","launch-records","55","F888C98554AE598772A50962D0B51701A1AE848FA85E91218E5C74235F0FDB06"
"launch-records/node-count/node-count-clean-solution-20260804-175600.orchestrator.out.log","launch-records","281658","CE509C970C630289E16B802F36F202CD4DDFEC21CC8F10A53B85A66418FC1E8C"
"launch-records/priority/README.md","launch-records","708","46AE271EA18EB135743452B6113DA43C97E86468DAF30B0E589A47D06C54BD0F"
"launch-records/vs-green/vs-green-node-count-20260806-111702.completion.json","launch-records","212","438D3F0059E6B0A816FA25AAEC4B5D383806F70C319A79066F77BF5E58EBB797"
"launch-records/vs-green/vs-green-node-count-20260806-111702.metadata.json","launch-records","2581","DB01DA9E87D65BCBB4FE70DEE592A5E0D7CB669717C64CF66A5F91478CD78FB7"
"launch-records/vs-green/vs-green-node-count-20260806-111702.stderr.log","launch-records","0","E3B0C44298FC1C149AFBF4C8996FB92427AE41E4649B934CA495991B7852B855"
"launch-records/vs-green/vs-green-node-count-20260806-111702.stdout.log","launch-records","260586","F1A8E6FEFD991F85F2DE99AA80DF02783AE5AB41DF3DD19E2E3E0187680C98A1"
"machine/dotnet-info-idle-burst-candidate.txt","machine","1542","4C47A4C35FC5257A73B2DED3AE83C6E4D95A1E0ADF0DF31937E86BAB23D3E6DC"
"machine/dotnet-info-priority-candidate.txt","machine","1682","30D4199AE61F54F26FBA47219BBAD382E4BA5389C6889661A8C0ED2F34ACC862"
"machine/dotnet-info-vs-green-sdk.txt","machine","1592","6DEA7E85FB7CF88B89BBC686898ACD0A5A0262104116742DF2139544FCC06369"
"machine/machine-info.json","machine","1121","6B049E893FDF5C044A36AFD01F5CC828072E26D66F9C57F61F8FA9D05B1A979C"
"machine/power-plan.txt","machine","1297","17322B3AD545DB091F959ACC6CC297E2E0A30B15404A721CC3D3F89572B3CFD3"
"machine/powershell-version.txt","machine","464","C13CE2956BF7213ACBCFF2D845560846C96ED22039887EBC35A6C3E4E09A825F"
"raw-binlog-index.csv","raw-binlog-index.csv","152548","5201936C85A7CE3AC7BBD90329BC305A5A8297402645EFB41AF292A62C788AE2"
"raw/functional-smoke/grant-summary.csv","raw","2931","D034ACDCFF84B8356240F372EE7C3BC13E01F61C11CB8FA9D4062E882C346528"
"raw/functional-smoke/grant-summary.json","raw","5027","1CCB973A82A5CF7E21363BB97225307C7813026363B1B931921CECDC566ABB88"
"README.md","README.md","1338","5B458BF8AE392330DE7AA715255F4AC86FB43A1C8435629972364DFBD7891424"
"recomputed-comparisons.csv","recomputed-comparisons.csv","18368","5AC3A2907FEEEC22D34C341C14F82CFE3E6D2DEB3100D8F954970A703385E4E7"
"scripts/idle-tooling/Analyze-IdleBurstRun.ps1","scripts","13166","85747171BE411DB9E9470DFD663CAE4286C2587060391EDC38F5782933CE878C"
"scripts/idle-tooling/Analyze-PublicRepoCoordinatorBenchmark.ps1","scripts","61988","6FA01102411092D9B09BD6E7B7BA79FAD3C2335074E5616238B0F3DDB2B493F2"
"scripts/idle-tooling/Launch-AuthoritativeMatrix.ps1","scripts","2834","FDA0FD1F46FCFE9C7F2D1051C58607DC864E5AAC477C42C38961926DA7EDBA44"
"scripts/idle-tooling/Monitor-PublicRepoCoordinatorBenchmark.ps1","scripts","17347","25F47D8059512C5B67A79B88AFBCBAC4093A1B14419F9F27C2919ED724502D96"
"scripts/idle-tooling/Run-GrantSmoke.ps1","scripts","8387","877BDA8D6B28C4C7C010BD287C09C879918D8D1B01BDC79A5D41973EE0A07876"
"scripts/idle-tooling/Run-PublicRepoCoordinatorBenchmark.ps1","scripts","30053","73A296D36089E5583FB645C09A4D0E30B37B55B01AC4D4FFF16A8EAAEA6CBCFA"
"scripts/idle-tooling/Run-PublicRepoCoordinatorMatrix.ps1","scripts","64133","1A607186B9B134722AAB297C10616CC060A5B8A986AD0ACC2CE1E02CADBC5DCD"
"scripts/idle-tooling/Smoke.proj","scripts","346","D739FFD26B9A7799BBBBA33C79FBEB1E00D4A3060D82EF2B30FEA53EED3428B5"
"scripts/node-count-tooling/Monitor-PublicRepoCoordinatorBenchmark.ps1","scripts","17347","25F47D8059512C5B67A79B88AFBCBAC4093A1B14419F9F27C2919ED724502D96"
"scripts/node-count-tooling/Run-NodeCountCleanSolutionMatrix.ps1","scripts","62253","5BA28259FFF03DCE9AC2E1ED508FCD45649CD66B6B67EE74627F78F516918098"
"scripts/node-count-tooling/Run-PublicRepoCoordinatorBenchmark.ps1","scripts","29858","2EE1B74AAB9053A4F8B5ECF36C2E9AD02A2950E0C010D356FAAB6FA54134BAD6"
"scripts/priority-analysis-tooling/Analyze-PublicRepoCoordinatorBenchmark.ps1","scripts","60938","7A551F24D0F5D979B0C79F65AADCED22AB706A7CC63FCD23E0E1540CF135678E"
"scripts/priority-analysis-tooling/Monitor-PublicRepoCoordinatorBenchmark.ps1","scripts","17347","25F47D8059512C5B67A79B88AFBCBAC4093A1B14419F9F27C2919ED724502D96"
"scripts/priority-analysis-tooling/Run-PublicRepoCoordinatorBenchmark.ps1","scripts","29858","2EE1B74AAB9053A4F8B5ECF36C2E9AD02A2950E0C010D356FAAB6FA54134BAD6"
"scripts/priority-analysis-tooling/Run-PublicRepoCoordinatorMatrix.ps1","scripts","62152","C201AE72D6F72E4FB251B4AF8C728D9E4F9A5E6ADF8BA81E13118E098801CCEC"
"scripts/priority-execution-tooling/Analyze-PublicRepoCoordinatorBenchmark.ps1","scripts","59829","81C3F93C254E18747ADCB693378193FFE2047DBAAEDB794344903BA97EFED567"
"scripts/priority-execution-tooling/Monitor-PublicRepoCoordinatorBenchmark.ps1","scripts","17347","25F47D8059512C5B67A79B88AFBCBAC4093A1B14419F9F27C2919ED724502D96"
"scripts/priority-execution-tooling/Run-PublicRepoCoordinatorBenchmark.ps1","scripts","29858","2EE1B74AAB9053A4F8B5ECF36C2E9AD02A2950E0C010D356FAAB6FA54134BAD6"
"scripts/priority-execution-tooling/Run-PublicRepoCoordinatorMatrix.ps1","scripts","62152","C201AE72D6F72E4FB251B4AF8C728D9E4F9A5E6ADF8BA81E13118E098801CCEC"
"scripts/product-branch/COMMIT.txt","scripts","42","99268938094C59D2349A076EB8C7B153D0990F60142AFA689D6CF47C8EA4FF13"
"scripts/product-branch/diff-from-idle-tooling.patch","scripts","13242","DA3DC49B412FD0F022591DA70299AA012E2DEFB4079D6F6775BF8946D752C77F"
"scripts/product-branch/diff-from-priority-tooling.patch","scripts","11820","78EA275EF299DD456EBD87F7B779DE5DBC6772B6C16576F73F444F61F58BB68C"
"scripts/product-branch/Run-PublicRepoCoordinatorBenchmark.ps1","scripts","27259","567D169233FC61E2396F32B57F648164F97DAC267B25B39BF79C942CB7A87D53"
"scripts/Recompute-PortableComparisons.ps1","scripts","17045","A2347DF4E43E94714043CF63B6EB41388CF72369FC13A52020327A460A653488"
"scripts/short-reproduction/GrantScan/GrantScan.csproj","scripts","741","CEB1E9836B0B326C92F44026B0A56C3BB81CD06530198EA37198A300C73D60BA"
"scripts/short-reproduction/GrantScan/Program.cs","scripts","1131","294628874230C62A601A3E5B9516FE2F672E912A8F9852577CBB7CC289B9ECD1"
"scripts/short-reproduction/Run-GrantSmoke.ps1","scripts","8387","877BDA8D6B28C4C7C010BD287C09C879918D8D1B01BDC79A5D41973EE0A07876"
"scripts/short-reproduction/Smoke.proj","scripts","346","D739FFD26B9A7799BBBBA33C79FBEB1E00D4A3060D82EF2B30FEA53EED3428B5"
"scripts/Verify-Package.ps1","scripts","2271","0AD68F4157262632DABE672397528E1EAEBE86F30F1148E9CFA05E0F376209C8"
"validated-report.md","validated-report.md","28301","CF516D399CCF896FB479831F2B577A0C1ECB97B878B1E86FC14247404F664A05"
