"Evidence","Repository","Comparison","Metric","BaselineCondition","CandidateCondition","BaselineValue","CandidateValue","Units","Statistic","Formula","EffectPercent","CiLowerPercent","CiUpperPercent","ExactSignFlipP","Interpretation"
"idle-burst","roslyn","AUTO-H-vs-AUTO-N","CandidateDurationSec","AUTO-N","AUTO-H","160.31850466909074","90.06124044876597","seconds","paired log-ratio estimate from 4 measured blocks; displayed values are geometric means","100 * (candidate / baseline - 1)","-43.82355259945878","-46.59969439469369","-40.086699806974245","0.125","The delayed High build completed sooner under AUTO-H than the delayed Normal build under AUTO-N."
"idle-burst","roslyn","AUTO-H-vs-AUTO-N","AverageNormalDurationSec","AUTO-N","AUTO-H","124.79759902749473","132.68171133429132","seconds","paired log-ratio estimate from 4 measured blocks; displayed values are geometric means","100 * (candidate / baseline - 1)","6.317519221711709","2.1339107157808623","10.868717012999586","0.125","The four initial Normal builds completed later on average under AUTO-H."
"idle-burst","roslyn","AUTO-H-vs-AUTO-N","TotalWallSec","AUTO-N","AUTO-H","177.36410927790024","175.52640158480713","seconds","paired log-ratio estimate from 4 measured blocks; displayed values are geometric means","100 * (candidate / baseline - 1)","-1.0361215132954182","-5.633726848864928","3.318859757171455","0.75","The complete scenario finished sooner under AUTO-H."
"idle-burst","roslyn","AUTO-N-vs-F4-N","TotalWallSec","F4-N","AUTO-N","158.05204442436155","177.36410927790024","seconds","paired log-ratio estimate from 4 measured blocks; displayed values are geometric means","100 * (candidate / baseline - 1)","12.218801043589679","11.110246511789335","14.132928926072164","0.125","The automatic idle-8 scenario finished later than fixed 4/4 under all-Normal contention."
"idle-burst","roslyn","AUTO-N-vs-F4-N","AverageNormalDurationSec","F4-N","AUTO-N","108.20901854243665","124.79759902749473","seconds","paired log-ratio estimate from 4 measured blocks; displayed values are geometric means","100 * (candidate / baseline - 1)","15.330127477824362","11.146343405542702","19.222649424178506","0.125","Normal builds completed later on average after the immutable idle 8-node grant."
"idle-burst","roslyn","F4-H-vs-F4-N","CandidateDurationSec","F4-N","F4-H","142.04937619331145","128.7825832379014","seconds","paired log-ratio estimate from 4 measured blocks; displayed values are geometric means","100 * (candidate / baseline - 1)","-9.33956439017064","-16.50033609109708","-4.7152801033064184","0.125","The delayed High build completed sooner than the delayed Normal control under fixed 4/4."
"idle-burst","roslyn","F4-H-vs-F4-N","AverageNormalDurationSec","F4-N","F4-H","108.20901854243665","121.68672774966001","seconds","paired log-ratio estimate from 4 measured blocks; displayed values are geometric means","100 * (candidate / baseline - 1)","12.455255013645461","11.354814703031213","13.566570191955861","0.125","The initial Normal builds completed later on average when the delayed build was High."
"idle-burst","roslyn","F4-H-vs-F4-N","TotalWallSec","F4-N","F4-H","158.05204442436155","161.48681749785436","seconds","paired log-ratio estimate from 4 measured blocks; displayed values are geometric means","100 * (candidate / baseline - 1)","2.173191170036892","1.0747943491324463","3.2974018546810147","0.125","The fixed-4/4 High scenario had this total-wall change relative to all-Normal."
"idle-burst","aspire","AUTO-H-vs-AUTO-N","CandidateDurationSec","AUTO-N","AUTO-H","121.4904878379678","92.5651655255698","seconds","paired log-ratio estimate from 4 measured blocks; displayed values are geometric means","100 * (candidate / baseline - 1)","-23.808713609723753","-26.680569008895503","-21.48291234321833","0.125","The delayed High build completed sooner under AUTO-H than the delayed Normal build under AUTO-N."
"idle-burst","aspire","AUTO-H-vs-AUTO-N","AverageNormalDurationSec","AUTO-N","AUTO-H","96.30129357150308","102.86745033493501","seconds","paired log-ratio estimate from 4 measured blocks; displayed values are geometric means","100 * (candidate / baseline - 1)","6.818347417687098","4.209759614816555","8.751665556513322","0.125","The four initial Normal builds completed later on average under AUTO-H."
"idle-burst","aspire","AUTO-H-vs-AUTO-N","TotalWallSec","AUTO-N","AUTO-H","136.8743087134523","130.67328741791115","seconds","paired log-ratio estimate from 4 measured blocks; displayed values are geometric means","100 * (candidate / baseline - 1)","-4.530449398303793","-7.254989394460787","-1.641957616043721","0.125","The complete scenario finished sooner under AUTO-H."
"idle-burst","aspire","AUTO-N-vs-F4-N","TotalWallSec","F4-N","AUTO-N","134.5902422631054","136.8743087134523","seconds","paired log-ratio estimate from 4 measured blocks; displayed values are geometric means","100 * (candidate / baseline - 1)","1.6970520387961985","-1.5044828227631646","4.718352889634159","0.5","The automatic idle-8 scenario finished later than fixed 4/4 under all-Normal contention."
"idle-burst","aspire","AUTO-N-vs-F4-N","AverageNormalDurationSec","F4-N","AUTO-N","89.77882852632327","96.30129357150308","seconds","paired log-ratio estimate from 4 measured blocks; displayed values are geometric means","100 * (candidate / baseline - 1)","7.265036927127477","2.945914991960752","10.63165192047606","0.125","Normal builds completed later on average after the immutable idle 8-node grant."
"idle-burst","aspire","F4-H-vs-F4-N","CandidateDurationSec","F4-N","F4-H","119.20451669115914","87.28358829133275","seconds","paired log-ratio estimate from 4 measured blocks; displayed values are geometric means","100 * (candidate / baseline - 1)","-26.77828767388798","-31.044197277712716","-20.809254165004575","0.125","The delayed High build completed sooner than the delayed Normal control under fixed 4/4."
"idle-burst","aspire","F4-H-vs-F4-N","AverageNormalDurationSec","F4-N","F4-H","89.77882852632327","101.79114713630665","seconds","paired log-ratio estimate from 4 measured blocks; displayed values are geometric means","100 * (candidate / baseline - 1)","13.379901260865058","9.887220955554167","17.168538544850144","0.125","The initial Normal builds completed later on average when the delayed build was High."
"idle-burst","aspire","F4-H-vs-F4-N","TotalWallSec","F4-N","F4-H","134.5902422631054","136.12011203233166","seconds","paired log-ratio estimate from 4 measured blocks; displayed values are geometric means","100 * (candidate / baseline - 1)","1.1366869867397211","-0.5614922508322961","2.863867189714364","0.5","The fixed-4/4 High scenario had this total-wall change relative to all-Normal."
"idle-burst","roslyn","AUTO-N-vs-F4-N","PeakCommittedDeltaMedianMB","F4-N","AUTO-N","5221.140625","4269.41015625","MiB","median across measured scenarios","100 * (candidate / baseline - 1)","-18.22840136105317",,,,"AUTO-N used less committed memory growth than fixed 4/4."
"idle-burst","roslyn","AUTO-N-vs-F4-N","DescendantPeakWorkingSetMedianMB","F4-N","AUTO-N","6480.056640625","4960.830078125","MiB","median across measured scenarios","100 * (candidate / baseline - 1)","-23.44464943370419",,,,"AUTO-N used less descendant working set than fixed 4/4."
"idle-burst","roslyn","AUTO-N-vs-F4-N","DescendantPeakPrivateMedianMB","F4-N","AUTO-N","5269.9921875","3891.46875","MiB","median across measured scenarios","100 * (candidate / baseline - 1)","-26.157978768350876",,,,"AUTO-N used less descendant private memory than fixed 4/4."
"idle-burst","aspire","AUTO-N-vs-F4-N","PeakCommittedDeltaMedianMB","F4-N","AUTO-N","3623.8359375","3408.943359375","MiB","median across measured scenarios","100 * (candidate / baseline - 1)","-5.9299753584663994",,,,"AUTO-N used less committed memory growth than fixed 4/4."
"idle-burst","aspire","AUTO-N-vs-F4-N","DescendantPeakWorkingSetMedianMB","F4-N","AUTO-N","4398.669921875","4150.29296875","MiB","median across measured scenarios","100 * (candidate / baseline - 1)","-5.646637677671562",,,,"AUTO-N used less descendant working set than fixed 4/4."
"idle-burst","aspire","AUTO-N-vs-F4-N","DescendantPeakPrivateMedianMB","F4-N","AUTO-N","3168.455078125","3034.94921875","MiB","median across measured scenarios","100 * (candidate / baseline - 1)","-4.213594830386702",,,,"AUTO-N used less descendant private memory than fixed 4/4."
"priority","roslyn","B-vs-C","CandidateDurationSec","B-base-coordinator","C-candidate-compat","170.21754948393357","165.22204150560893","seconds","paired log-ratio estimate from 10 measured blocks; displayed values are geometric means","100 * (candidate / baseline - 1)","-2.9347784605466387","-8.706765053909082","4.165706415310511","0.419921875","The delayed compatibility-candidate build had this latency change relative to the pre-priority Coordinator."
"priority","roslyn","B-vs-C","AverageNormalDurationSec","B-base-coordinator","C-candidate-compat","162.64462795807444","162.85415264908426","seconds","paired log-ratio estimate from 10 measured blocks; displayed values are geometric means","100 * (candidate / baseline - 1)","0.1288236160274403","-3.1042590310798035","3.7000789429124215","0.943359375","Normal builds had this average latency change under compatibility 0/0."
"priority","roslyn","B-vs-C","TotalWallSec","B-base-coordinator","C-candidate-compat","201.53114768953742","201.64198976144456","seconds","paired log-ratio estimate from 10 measured blocks; displayed values are geometric means","100 * (candidate / baseline - 1)","0.054999970564217904","-3.669286685823059","4.09509995660291","0.982421875","The complete compatibility scenario had this wall-time change."
"priority","roslyn","D-vs-E","CandidateDurationSec","D-candidate-default-normal","E-candidate-default-high","143.14173060011387","130.16503531618918","seconds","paired log-ratio estimate from 10 measured blocks; displayed values are geometric means","100 * (candidate / baseline - 1)","-9.065626934591842","-16.331363692424596","-2.259649733164959","0.03125","The delayed High build completed sooner than the delayed Normal control under fixed 4/4."
"priority","roslyn","D-vs-E","AverageNormalDurationSec","D-candidate-default-normal","E-candidate-default-high","108.09129270277725","128.96072098201952","seconds","paired log-ratio estimate from 10 measured blocks; displayed values are geometric means","100 * (candidate / baseline - 1)","19.307224252213963","13.488675113683325","25.625285165031485","0.001953125","Normal builds completed later on average when the delayed build was High."
"priority","roslyn","D-vs-E","TotalWallSec","D-candidate-default-normal","E-candidate-default-high","159.693310694938","170.85010378493993","seconds","paired log-ratio estimate from 10 measured blocks; displayed values are geometric means","100 * (candidate / baseline - 1)","6.986387245308423","1.4297117185972041","12.71359382862216","0.05078125","The fixed-4/4 High scenario had this total-wall change."
"priority","aspire","B-vs-C","CandidateDurationSec","B-base-coordinator","C-candidate-compat","126.83945865875972","122.00726196178275","seconds","paired log-ratio estimate from 10 measured blocks; displayed values are geometric means","100 * (candidate / baseline - 1)","-3.809695143825187","-9.144493004588771","2.1421877400289446","0.2421875","The delayed compatibility-candidate build had this latency change relative to the pre-priority Coordinator."
"priority","aspire","B-vs-C","AverageNormalDurationSec","B-base-coordinator","C-candidate-compat","119.42745208260051","115.8744959794395","seconds","paired log-ratio estimate from 10 measured blocks; displayed values are geometric means","100 * (candidate / baseline - 1)","-2.974991127419979","-7.842829040389587","1.766478490336576","0.25","Normal builds had this average latency change under compatibility 0/0."
"priority","aspire","B-vs-C","TotalWallSec","B-base-coordinator","C-candidate-compat","143.74815873627472","140.01096160100985","seconds","paired log-ratio estimate from 10 measured blocks; displayed values are geometric means","100 * (candidate / baseline - 1)","-2.5998226120735213","-7.668271920797132","2.7063822182389563","0.388671875","The complete compatibility scenario had this wall-time change."
"priority","aspire","D-vs-E","CandidateDurationSec","D-candidate-default-normal","E-candidate-default-high","111.96275539942485","90.17612310638516","seconds","paired log-ratio estimate from 10 measured blocks; displayed values are geometric means","100 * (candidate / baseline - 1)","-19.458821118966195","-22.550951257465602","-15.83284652024668","0.001953125","The delayed High build completed sooner than the delayed Normal control under fixed 4/4."
"priority","aspire","D-vs-E","AverageNormalDurationSec","D-candidate-default-normal","E-candidate-default-high","84.59712181728706","97.66998018249821","seconds","paired log-ratio estimate from 10 measured blocks; displayed values are geometric means","100 * (candidate / baseline - 1)","15.453076989363733","10.743294471077558","21.417811662803544","0.001953125","Normal builds completed later on average when the delayed build was High."
"priority","aspire","D-vs-E","TotalWallSec","D-candidate-default-normal","E-candidate-default-high","127.62325512171057","132.59268150065668","seconds","paired log-ratio estimate from 10 measured blocks; displayed values are geometric means","100 * (candidate / baseline - 1)","3.8938251294459603","-0.1266186296616012","8.778581231038341","0.13671875","The fixed-4/4 High scenario had this total-wall change."
"node-count","roslyn","N4-vs-N8","TotalWallSec","N8","N4","456.2158392474071","613.3428677400748","seconds","paired log-ratio estimate from 6 measured blocks; displayed values are geometric means","100 * (candidate / baseline - 1)","34.44137949087241","27.47926211410061","41.756886050123484","0.03125","Four nodes finished slower than eight nodes."
"node-count","roslyn","N8-vs-N16","TotalWallSec","N16","N8","429.63586195908687","456.2158392474071","seconds","paired log-ratio estimate from 6 measured blocks; displayed values are geometric means","100 * (candidate / baseline - 1)","6.186629106592401","1.8646030697527571","11.456920259978599","0.0625","Eight nodes finished slower than sixteen nodes, while using less memory."
"node-count","roslyn","N8-vs-N16","PeakCommittedDeltaMBMedian","N16","N8","5975.271484375","4576.408203125","MiB","median across measured scenarios","100 * (candidate / baseline - 1)","-23.41087404828298",,,,"Eight nodes used less committed memory growth than sixteen nodes."
"node-count","roslyn","N8-vs-N16","DescendantPeakWorkingSetMBMedian","N16","N8","7181.359375","5017.6796875","MiB","median across measured scenarios","100 * (candidate / baseline - 1)","-30.129110305108497",,,,"Eight nodes used less descendant working set than sixteen nodes."
"node-count","roslyn","N8-vs-N16","DescendantPeakPrivateMBMedian","N16","N8","5595.982421875","4238.642578125","MiB","median across measured scenarios","100 * (candidate / baseline - 1)","-24.255613070621607",,,,"Eight nodes used less descendant private memory than sixteen nodes."
"node-count","aspire","N4-vs-N8","TotalWallSec","N8","N4","300.9432308595238","360.5774587118917","seconds","paired log-ratio estimate from 6 measured blocks; displayed values are geometric means","100 * (candidate / baseline - 1)","19.81577312174345","15.551222214916049","24.61616422959385","0.03125","Four nodes finished slower than eight nodes."
"node-count","aspire","N8-vs-N16","TotalWallSec","N16","N8","261.3316586562394","300.9432308595238","seconds","paired log-ratio estimate from 6 measured blocks; displayed values are geometric means","100 * (candidate / baseline - 1)","15.157586496395536","7.3514967276708365","23.05369372897177","0.0625","Eight nodes finished slower than sixteen nodes, while using less memory."
"node-count","aspire","N8-vs-N16","PeakCommittedDeltaMBMedian","N16","N8","3777.443359375","2882.93359375","MiB","median across measured scenarios","100 * (candidate / baseline - 1)","-23.680295917739503",,,,"Eight nodes used less committed memory growth than sixteen nodes."
"node-count","aspire","N8-vs-N16","DescendantPeakWorkingSetMBMedian","N16","N8","5016.578125","3736.2109375","MiB","median across measured scenarios","100 * (candidate / baseline - 1)","-25.52271998156114",,,,"Eight nodes used less descendant working set than sixteen nodes."
"node-count","aspire","N8-vs-N16","DescendantPeakPrivateMBMedian","N16","N8","3210.703125","2612.337890625","MiB","median across measured scenarios","100 * (candidate / baseline - 1)","-18.63657931235857",,,,"Eight nodes used less descendant private memory than sixteen nodes."
"vs-green","vs-green","N4-vs-N8","TotalWallSec","N8","N4","142.26834045472108","149.4295736577538","seconds","paired log-ratio estimate from 12 measured blocks; displayed values are geometric means","100 * (candidate / baseline - 1)","5.033609853143539","-0.4781319811054119","11.211963014041725","0.130859375","Four nodes were directionally slower than eight nodes on vs-green."
"vs-green","vs-green","N8-vs-N16","TotalWallSec","N16","N8","141.58536778646615","142.26834045472108","seconds","paired log-ratio estimate from 12 measured blocks; displayed values are geometric means","100 * (candidate / baseline - 1)","0.48237517685083553","-3.3928130661229905","4.637587077578709","0.876953125","Eight and sixteen nodes had effectively the same wall time on vs-green."
"vs-green","vs-green","N8-vs-N16","PeakCommittedDeltaMBMedian","N16","N8","2574.25390625","2240.216796875","MiB","median across measured scenarios","100 * (candidate / baseline - 1)","-12.976074681832872",,,,"Eight nodes used less committed memory growth than sixteen nodes on vs-green."
"vs-green","vs-green","N8-vs-N16","DescendantPeakWorkingSetMBMedian","N16","N8","3911.201171875","2887.400390625","MiB","median across measured scenarios","100 * (candidate / baseline - 1)","-26.176121765662018",,,,"Eight nodes used less descendant working set than sixteen nodes on vs-green."
"vs-green","vs-green","N8-vs-N16","DescendantPeakPrivateMBMedian","N16","N8","2723.455078125","2250.767578125","MiB","median across measured scenarios","100 * (candidate / baseline - 1)","-17.35617024847086",,,,"Eight nodes used less descendant private memory than sixteen nodes on vs-green."
