"Path","Bytes","SHA256"
"current-vs-final/isolated/tooling/Analyze-IsolatedMatrix.ps1","12397","D2EFFDA44076332388C0CE99137AAD6255EFF0DFFAB1BDA1114F5C2E99EBCABE"
"current-vs-final/isolated/tooling/Launch-IsolatedMatrix.ps1","3583","697AF1D90692BBAF7C912EB72FE0AAAF7BB304A1D85F9029C42821E9E041977E"
"current-vs-final/isolated/tooling/Monitor-PublicRepoCoordinatorBenchmark.ps1","17347","25F47D8059512C5B67A79B88AFBCBAC4093A1B14419F9F27C2919ED724502D96"
"current-vs-final/isolated/tooling/Run-PublicRepoCoordinatorBenchmark.ps1","30153","51B116BE139536D329AB722D0C609E727A699BE03685BD402133FE2A1A49104F"
"current-vs-final/isolated/tooling/Run-PublicRepoCoordinatorMatrix.ps1","65468","A0E11717F5F605E357CD8344AD107E5090F6D845CF651671BE862D5161A3A13E"
"current-vs-final/sustained/tooling/Analysis.Common.ps1","7858","2F0BB8D61ADCD1A42235DA8BAB637FEE3AE203C0C14254C313F486A4BA05CD24"
"current-vs-final/sustained/tooling/Analyze-SimpleSustainedCombined.ps1","21728","733FE74838F2FE310421FCE0728BE5ED9E69A9236098855CDAE4B74FB1A00FEF"
"current-vs-final/sustained/tooling/Campaign.Common.ps1","142146","7C81E3C0C5DEC609156DA237A4291B71B6C18121F4E3F4FF99E3F083F9AA5A15"
"current-vs-final/sustained/tooling/CoordinatorTrace.ps1","33761","4129D8F8E2E3F72A586E9FD66536B3EC306CBE6C9943A9EABEC7B2367AA8E821"
"current-vs-final/sustained/tooling/Invoke-GrantReplay.ps1","5622","9F4BE24D706EECDFDC20095E03D7E4449271B265DC4C536759FC1764379547B5"
"current-vs-final/sustained/tooling/Invoke-SimpleSustainedScenario.ps1","42286","C962D27CCEA7A05E2C8040310D472911366BA15BAE9B9F1417BA79A5586F7795"
"current-vs-final/sustained/tooling/Monitor-Campaign.ps1","1640","CD295EC7B85F7E1AB4F9D445A73A05584A270A18EFB86BD7F1632A2BC0954074"
"current-vs-final/sustained/tooling/Run-SimpleSustainedCampaign.ps1","11369","78B8AA35A7D03CD829F7D466E39062E9AB062254DADF7E4A3BE39C0CD3745C24"
"current-vs-final/sustained/tooling/Run-SimpleSustainedSupplement.ps1","7848","650EADF0B044796D996042F749897260A7841A17C98DBF0281F93E81A1D5C13F"
"current-vs-final/sustained/tooling/Scenario.Common.ps1","124319","428E06DF86F412C6056FEC4D52EDEE180DEB962082CA1CEE12ED641E2143CBBE"
"current-vs-final/sustained/tooling/SustainedCampaign.Common.ps1","39344","31C8FEB6CDBC8E0DF70E5CAE01E1DFB349614C8010A840A1C6EC7811DE8B932B"
"current-vs-final/tooling/Analysis.Common.ps1","7858","2F0BB8D61ADCD1A42235DA8BAB637FEE3AE203C0C14254C313F486A4BA05CD24"
"current-vs-final/tooling/Analyze-Campaign.ps1","20731","78C59CA9A4046EC0209E29E12002382BA3A7963C5D5905507B498A770D305609"
"current-vs-final/tooling/Build-ExactRevisions.ps1","11304","889AFDB1376408E6E508AD3DA99B24561522F5033EBCDEF29589551DDD2DA410"
"current-vs-final/tooling/Campaign.Common.ps1","142146","7C81E3C0C5DEC609156DA237A4291B71B6C18121F4E3F4FF99E3F083F9AA5A15"
"current-vs-final/tooling/ControllerValidation.ps1","10475","40358C4F94903E2A962F47A4D5041DEE51BED07AB51C02B8D3E62BA83AF4158A"
"current-vs-final/tooling/CoordinatorTrace.ps1","33761","4129D8F8E2E3F72A586E9FD66536B3EC306CBE6C9943A9EABEC7B2367AA8E821"
"current-vs-final/tooling/Get-CampaignStatus.ps1","2224","EA717F7474EA3C6819162FC3438D2392743757DC6BD8F08288B0411E24DABC57"
"current-vs-final/tooling/GrantReplay/GrantReplay.csproj","627","EDF634E9F0D2DC25C195CD6FD5EA02D179B8C4D0EC5BC150C7CAF4CF74DFD95A"
"current-vs-final/tooling/GrantReplay/Program.cs","2948","0DE551BED2BC51CDA0DD1DD10C6037C3EC3C3D11072F8BC3383F6EA749C2175F"
"current-vs-final/tooling/Invoke-GrantReplay.ps1","5622","9F4BE24D706EECDFDC20095E03D7E4449271B265DC4C536759FC1764379547B5"
"current-vs-final/tooling/Invoke-Scenario.ps1","46602","66EA7070A3200882BAB11B1960480B7B47F689DDEB2431F1E7D2B81562255BE1"
"current-vs-final/tooling/Launch-Campaign.ps1","7051","4AD08C2FD91ED02562CE05AD75601773855AD36D63650805D209BC59734E61CA"
"current-vs-final/tooling/Monitor-Campaign.ps1","1640","CD295EC7B85F7E1AB4F9D445A73A05584A270A18EFB86BD7F1632A2BC0954074"
"current-vs-final/tooling/PhaseOneDisposablePreflight.Common.ps1","68857","23469611038BF6C8B1288A89A06214A5D9C47D34331348966C5640D24EE1B9F5"
"current-vs-final/tooling/Prepare-Workloads.ps1","14225","3677CD910D3D2922977FF99DE1BB550F0E07EEEFC3AB311E0DCB31AC3CEBE933"
"current-vs-final/tooling/Publish-Evidence.ps1","8664","7B3C5635C50D871DF4265C4BA3CD8B263DEAC3B377CA0E3E7668F3211B486FFA"
"current-vs-final/tooling/Reset-PreparedWorktrees.ps1","11411","C57DB819B656919CFB3672C39DB79BF08FF7D50C2F3E552090692B76F044AD70"
"current-vs-final/tooling/Run-Campaign.ps1","35577","576C0C483D399AD65CB4488BDB0406CBF4F3C3307F1531E9422871A6ACC221BF"
"current-vs-final/tooling/Run-DirectProjectSmoke.ps1","7603","5EC14B243CDAF4749AE860B52F082B5051CBF8AAA2F1ABDF4EC7D25B67B02CEB"
"current-vs-final/tooling/Run-PhaseOneDisposablePreflight.ps1","77875","8DE3C1BF13B8FCA409F0CCD7BC6C47519EC63F64E280F7B0B3F022A9B7BCABDA"
"current-vs-final/tooling/Run-PreflightValidation.ps1","16832","DDF1D6D9E0B96E01ECF394DDFCE7E9EFCB2C6C124F9CA30ACA7B6C5C775FA2CF"
"current-vs-final/tooling/Run-ProjectTimingGate.ps1","17659","8E21E1B2AAE859F3180A66B491B6C0AB78C75B6BD94099967144E7329E856114"
"current-vs-final/tooling/Scenario.Common.ps1","124319","428E06DF86F412C6056FEC4D52EDEE180DEB962082CA1CEE12ED641E2143CBBE"
"current-vs-final/tooling/simple/Analyze-SimpleSustainedCampaign.ps1","11060","17D2D30649631688DEF4260FAEDF6EB44B9564B3EB82A68EC6E0577DCACA51AA"
"current-vs-final/tooling/simple/Analyze-SimpleSustainedCombined.ps1","21728","733FE74838F2FE310421FCE0728BE5ED9E69A9236098855CDAE4B74FB1A00FEF"
"current-vs-final/tooling/simple/Invoke-SimpleSustainedScenario.ps1","42286","C962D27CCEA7A05E2C8040310D472911366BA15BAE9B9F1417BA79A5586F7795"
"current-vs-final/tooling/simple/Run-SimpleSustainedCampaign.ps1","11369","78B8AA35A7D03CD829F7D466E39062E9AB062254DADF7E4A3BE39C0CD3745C24"
"current-vs-final/tooling/simple/Run-SimpleSustainedSupplement.ps1","7848","650EADF0B044796D996042F749897260A7841A17C98DBF0281F93E81A1D5C13F"
"current-vs-final/tooling/sustained/Analyze-SustainedCampaign.ps1","26131","9C98B132A61C13D24F240D70E4AF5716D27A83B99DBDBC29D8F595B00C585BE2"
"current-vs-final/tooling/sustained/Build-SustainedExactRevisions.ps1","15321","A746BC9FD3BC241F5232C912F0705DF577EDAB0CE90D917F3944EAE07758211E"
"current-vs-final/tooling/sustained/Invoke-SustainedWindowScenario.ps1","57470","90E7437F800FB24C368B774004DAC7D0516BC4C70ECF9D917BF714057364340A"
"current-vs-final/tooling/sustained/Launch-SustainedCampaign.ps1","11973","B7D5E9296ACC9819EF905D69AC730BCBF95DFA925E87B4758F0F9C773ECADEE8"
"current-vs-final/tooling/sustained/Prepare-SustainedWorkloads.ps1","15976","B1B457088F85CBA51603755556AF7FD77C5247C384F346B815DE4DC2D17ACA16"
"current-vs-final/tooling/sustained/Publish-SustainedEvidence.ps1","8369","98C43A03927A62C70CA426BF0B66A665FEBA8CBFDFD206A2D27C4363E5338FBF"
"current-vs-final/tooling/sustained/Reset-SustainedWorktrees.ps1","10319","B34B4AAA3CB9AD074C8D1CE4C1F0DACD2BFE06E5B845385FA9EFBDE56FFF4296"
"current-vs-final/tooling/sustained/Run-SustainedCampaign.ps1","23945","94AA05F41D0229611CBD3ADBD39EE87202EB5D1DA577F1580EB446A25CB91E17"
"current-vs-final/tooling/sustained/Run-SustainedPilots.ps1","12070","59D41BD11A33317A4B2B1A36ECDD4524F5CD38662EE0BBD9F519F9A81843A0C7"
"current-vs-final/tooling/sustained/SustainedCampaign.Common.ps1","39344","31C8FEB6CDBC8E0DF70E5CAE01E1DFB349614C8010A840A1C6EC7811DE8B932B"
"current-vs-final/tooling/sustained/Test-SustainedCampaign.ps1","35823","EB0069FAE2B0BD0DAC8B19C7520F15E11F56AFDF81AB1D940754C60E29861757"
"current-vs-final/tooling/sustained/Watch-SustainedCampaignDeadline.ps1","5074","14341DC08723AFFD51927939FE76EE16E6391AD2E7ED8EAE5CBBEE2BC7C426C0"
"current-vs-final/tooling/SyntheticWork.proj","358","1A00892CDD753528912C3ED460EF8087D32CE2107BBBC33E2DD06F6DD1B8C23E"
"current-vs-final/tooling/Test-Tooling.ps1","174358","16A59CB714AF2392CC1107008BFC7270E38D98E18DA296FE84AB17A33E55C613"
"scripts/idle-tooling/Analyze-IdleBurstRun.ps1","13166","85747171BE411DB9E9470DFD663CAE4286C2587060391EDC38F5782933CE878C"
"scripts/idle-tooling/Analyze-PublicRepoCoordinatorBenchmark.ps1","61988","6FA01102411092D9B09BD6E7B7BA79FAD3C2335074E5616238B0F3DDB2B493F2"
"scripts/idle-tooling/Launch-AuthoritativeMatrix.ps1","2834","FDA0FD1F46FCFE9C7F2D1051C58607DC864E5AAC477C42C38961926DA7EDBA44"
"scripts/idle-tooling/Monitor-PublicRepoCoordinatorBenchmark.ps1","17347","25F47D8059512C5B67A79B88AFBCBAC4093A1B14419F9F27C2919ED724502D96"
"scripts/idle-tooling/Run-GrantSmoke.ps1","8387","877BDA8D6B28C4C7C010BD287C09C879918D8D1B01BDC79A5D41973EE0A07876"
"scripts/idle-tooling/Run-PublicRepoCoordinatorBenchmark.ps1","30053","73A296D36089E5583FB645C09A4D0E30B37B55B01AC4D4FFF16A8EAAEA6CBCFA"
"scripts/idle-tooling/Run-PublicRepoCoordinatorMatrix.ps1","64133","1A607186B9B134722AAB297C10616CC060A5B8A986AD0ACC2CE1E02CADBC5DCD"
"scripts/idle-tooling/Smoke.proj","346","D739FFD26B9A7799BBBBA33C79FBEB1E00D4A3060D82EF2B30FEA53EED3428B5"
"scripts/node-count-tooling/Monitor-PublicRepoCoordinatorBenchmark.ps1","17347","25F47D8059512C5B67A79B88AFBCBAC4093A1B14419F9F27C2919ED724502D96"
"scripts/node-count-tooling/Run-NodeCountCleanSolutionMatrix.ps1","62253","5BA28259FFF03DCE9AC2E1ED508FCD45649CD66B6B67EE74627F78F516918098"
"scripts/node-count-tooling/Run-PublicRepoCoordinatorBenchmark.ps1","29858","2EE1B74AAB9053A4F8B5ECF36C2E9AD02A2950E0C010D356FAAB6FA54134BAD6"
"scripts/priority-analysis-tooling/Analyze-PublicRepoCoordinatorBenchmark.ps1","60938","7A551F24D0F5D979B0C79F65AADCED22AB706A7CC63FCD23E0E1540CF135678E"
"scripts/priority-analysis-tooling/Monitor-PublicRepoCoordinatorBenchmark.ps1","17347","25F47D8059512C5B67A79B88AFBCBAC4093A1B14419F9F27C2919ED724502D96"
"scripts/priority-analysis-tooling/Run-PublicRepoCoordinatorBenchmark.ps1","29858","2EE1B74AAB9053A4F8B5ECF36C2E9AD02A2950E0C010D356FAAB6FA54134BAD6"
"scripts/priority-analysis-tooling/Run-PublicRepoCoordinatorMatrix.ps1","62152","C201AE72D6F72E4FB251B4AF8C728D9E4F9A5E6ADF8BA81E13118E098801CCEC"
"scripts/priority-execution-tooling/Analyze-PublicRepoCoordinatorBenchmark.ps1","59829","81C3F93C254E18747ADCB693378193FFE2047DBAAEDB794344903BA97EFED567"
"scripts/priority-execution-tooling/Monitor-PublicRepoCoordinatorBenchmark.ps1","17347","25F47D8059512C5B67A79B88AFBCBAC4093A1B14419F9F27C2919ED724502D96"
"scripts/priority-execution-tooling/Run-PublicRepoCoordinatorBenchmark.ps1","29858","2EE1B74AAB9053A4F8B5ECF36C2E9AD02A2950E0C010D356FAAB6FA54134BAD6"
"scripts/priority-execution-tooling/Run-PublicRepoCoordinatorMatrix.ps1","62152","C201AE72D6F72E4FB251B4AF8C728D9E4F9A5E6ADF8BA81E13118E098801CCEC"
"scripts/product-branch/diff-from-idle-tooling.patch","13242","DA3DC49B412FD0F022591DA70299AA012E2DEFB4079D6F6775BF8946D752C77F"
"scripts/product-branch/diff-from-priority-tooling.patch","11820","78EA275EF299DD456EBD87F7B779DE5DBC6772B6C16576F73F444F61F58BB68C"
"scripts/product-branch/Run-PublicRepoCoordinatorBenchmark.ps1","27259","567D169233FC61E2396F32B57F648164F97DAC267B25B39BF79C942CB7A87D53"
"scripts/Recompute-PortableComparisons.ps1","17045","A2347DF4E43E94714043CF63B6EB41388CF72369FC13A52020327A460A653488"
"scripts/short-reproduction/GrantScan/GrantScan.csproj","741","CEB1E9836B0B326C92F44026B0A56C3BB81CD06530198EA37198A300C73D60BA"
"scripts/short-reproduction/GrantScan/Program.cs","1131","294628874230C62A601A3E5B9516FE2F672E912A8F9852577CBB7CC289B9ECD1"
"scripts/short-reproduction/Run-GrantSmoke.ps1","8387","877BDA8D6B28C4C7C010BD287C09C879918D8D1B01BDC79A5D41973EE0A07876"
"scripts/short-reproduction/Smoke.proj","346","D739FFD26B9A7799BBBBA33C79FBEB1E00D4A3060D82EF2B30FEA53EED3428B5"
"scripts/Verify-Package.ps1","2271","0AD68F4157262632DABE672397528E1EAEBE86F30F1148E9CFA05E0F376209C8"
