"Repository","BlockNumber","AttemptNumber","IsWarmup","Condition","Label","Kind","Priority","DurationSec","ProcessStartUtc","ProcessExitUtc","GrantTimestampUtc","GrantDelaySec","GrantedNodes","Binlog"
"aspire","1","1","True","AUTO-H","normal1","normal","Normal","144.58","2026-08-08T00:41:18.3242438Z","2026-08-08T00:43:42.9011739Z","2026-08-08T00:42:33.7148375Z","75.3905937","4","C:\perf\results\idle-node-burst-matrix-20260807-181942\aspire\block-001\attempt-01\AUTO-H\benchmark\coordinator-priority-r1\normal1\normal1.binlog"
"aspire","1","1","True","AUTO-H","normal2","normal","Normal","75.39","2026-08-08T00:41:18.3366972Z","2026-08-08T00:42:33.7257712Z","2026-08-08T00:41:19.0849877Z","0.7482905","8","C:\perf\results\idle-node-burst-matrix-20260807-181942\aspire\block-001\attempt-01\AUTO-H\benchmark\coordinator-priority-r1\normal2\normal2.binlog"
"aspire","1","1","True","AUTO-H","normal3","normal","Normal","145.52","2026-08-08T00:41:18.3640502Z","2026-08-08T00:43:43.8813038Z","2026-08-08T00:42:33.7129332Z","75.348883","4","C:\perf\results\idle-node-burst-matrix-20260807-181942\aspire\block-001\attempt-01\AUTO-H\benchmark\coordinator-priority-r1\normal3\normal3.binlog"
"aspire","1","1","True","AUTO-H","normal4","normal","Normal","95.09","2026-08-08T00:41:18.3764219Z","2026-08-08T00:42:53.4640969Z","2026-08-08T00:41:19.0851233Z","0.7087014","4","C:\perf\results\idle-node-burst-matrix-20260807-181942\aspire\block-001\attempt-01\AUTO-H\benchmark\coordinator-priority-r1\normal4\normal4.binlog"
"aspire","1","1","True","AUTO-H","high1","high","High","99.87","2026-08-08T00:41:33.7072555Z","2026-08-08T00:43:13.5739668Z","2026-08-08T00:41:34.6766622Z","0.9694067","4","C:\perf\results\idle-node-burst-matrix-20260807-181942\aspire\block-001\attempt-01\AUTO-H\benchmark\coordinator-priority-r1\high1\high1.binlog"
"aspire","1","1","True","AUTO-N","normal1","normal","Normal","61","2026-08-08T00:53:09.9869804Z","2026-08-08T00:54:10.9841246Z","2026-08-08T00:53:10.7722158Z","0.7852354","4","C:\perf\results\idle-node-burst-matrix-20260807-181942\aspire\block-001\attempt-01\AUTO-N\benchmark\coordinator-all-normal-r1\normal1\normal1.binlog"
"aspire","1","1","True","AUTO-N","normal2","normal","Normal","136.03","2026-08-08T00:53:10.0002644Z","2026-08-08T00:55:26.0351602Z","2026-08-08T00:54:10.7184258Z","60.7181614","4","C:\perf\results\idle-node-burst-matrix-20260807-181942\aspire\block-001\attempt-01\AUTO-N\benchmark\coordinator-all-normal-r1\normal2\normal2.binlog"
"aspire","1","1","True","AUTO-N","normal3","normal","Normal","60.71","2026-08-08T00:53:10.0128740Z","2026-08-08T00:54:10.7226832Z","2026-08-08T00:53:10.7721392Z","0.7592652","8","C:\perf\results\idle-node-burst-matrix-20260807-181942\aspire\block-001\attempt-01\AUTO-N\benchmark\coordinator-all-normal-r1\normal3\normal3.binlog"
"aspire","1","1","True","AUTO-N","normal4","normal","Normal","133.65","2026-08-08T00:53:10.0265796Z","2026-08-08T00:55:23.6724677Z","2026-08-08T00:54:10.7331412Z","60.7065616","4","C:\perf\results\idle-node-burst-matrix-20260807-181942\aspire\block-001\attempt-01\AUTO-N\benchmark\coordinator-all-normal-r1\normal4\normal4.binlog"
"aspire","1","1","True","AUTO-N","high1","high","Normal","121.99","2026-08-08T00:53:25.3501950Z","2026-08-08T00:55:27.3372736Z","2026-08-08T00:54:10.9719794Z","45.6217844","4","C:\perf\results\idle-node-burst-matrix-20260807-181942\aspire\block-001\attempt-01\AUTO-N\benchmark\coordinator-all-normal-r1\high1\high1.binlog"
"aspire","1","1","True","F4-H","normal1","normal","Normal","87.67","2026-08-08T00:49:16.0334433Z","2026-08-08T00:50:43.7014827Z","2026-08-08T00:49:16.8153518Z","0.7819085","4","C:\perf\results\idle-node-burst-matrix-20260807-181942\aspire\block-001\attempt-01\F4-H\benchmark\coordinator-priority-r1\normal1\normal1.binlog"
"aspire","1","1","True","F4-H","normal2","normal","Normal","86.38","2026-08-08T00:49:16.0887309Z","2026-08-08T00:50:42.4727277Z","2026-08-08T00:49:16.8153403Z","0.7266094","4","C:\perf\results\idle-node-burst-matrix-20260807-181942\aspire\block-001\attempt-01\F4-H\benchmark\coordinator-priority-r1\normal2\normal2.binlog"
"aspire","1","1","True","F4-H","normal3","normal","Normal","135.75","2026-08-08T00:49:16.1015751Z","2026-08-08T00:51:31.8484537Z","2026-08-08T00:50:42.4658761Z","86.364301","4","C:\perf\results\idle-node-burst-matrix-20260807-181942\aspire\block-001\attempt-01\F4-H\benchmark\coordinator-priority-r1\normal3\normal3.binlog"
"aspire","1","1","True","F4-H","normal4","normal","Normal","89.16","2026-08-08T00:49:16.1141327Z","2026-08-08T00:50:45.2768528Z","2026-08-08T00:49:16.8153805Z","0.7012478","4","C:\perf\results\idle-node-burst-matrix-20260807-181942\aspire\block-001\attempt-01\F4-H\benchmark\coordinator-priority-r1\normal4\normal4.binlog"
"aspire","1","1","True","F4-H","high1","high","High","86.01","2026-08-08T00:49:31.4400932Z","2026-08-08T00:50:57.4510627Z","2026-08-08T00:49:32.6426009Z","1.2025077","4","C:\perf\results\idle-node-burst-matrix-20260807-181942\aspire\block-001\attempt-01\F4-H\benchmark\coordinator-priority-r1\high1\high1.binlog"
"aspire","1","1","True","F4-N","normal1","normal","Normal","134.59","2026-08-08T00:45:22.2006869Z","2026-08-08T00:47:36.7864919Z","2026-08-08T00:46:37.8603156Z","75.6596287","4","C:\perf\results\idle-node-burst-matrix-20260807-181942\aspire\block-001\attempt-01\F4-N\benchmark\coordinator-all-normal-r1\normal1\normal1.binlog"
"aspire","1","1","True","F4-N","normal2","normal","Normal","75.66","2026-08-08T00:45:22.2133960Z","2026-08-08T00:46:37.8724694Z","2026-08-08T00:45:22.9614536Z","0.7480576","4","C:\perf\results\idle-node-burst-matrix-20260807-181942\aspire\block-001\attempt-01\F4-N\benchmark\coordinator-all-normal-r1\normal2\normal2.binlog"
"aspire","1","1","True","F4-N","normal3","normal","Normal","76.83","2026-08-08T00:45:22.2258629Z","2026-08-08T00:46:39.0548099Z","2026-08-08T00:45:22.9614805Z","0.7356176","4","C:\perf\results\idle-node-burst-matrix-20260807-181942\aspire\block-001\attempt-01\F4-N\benchmark\coordinator-all-normal-r1\normal3\normal3.binlog"
"aspire","1","1","True","F4-N","normal4","normal","Normal","81.63","2026-08-08T00:45:22.2404103Z","2026-08-08T00:46:43.8675441Z","2026-08-08T00:45:22.9614920Z","0.7210817","4","C:\perf\results\idle-node-burst-matrix-20260807-181942\aspire\block-001\attempt-01\F4-N\benchmark\coordinator-all-normal-r1\normal4\normal4.binlog"
"aspire","1","1","True","F4-N","high1","high","Normal","119.55","2026-08-08T00:45:37.5242775Z","2026-08-08T00:47:37.0694809Z","2026-08-08T00:46:39.0285244Z","61.5042469","4","C:\perf\results\idle-node-burst-matrix-20260807-181942\aspire\block-001\attempt-01\F4-N\benchmark\coordinator-all-normal-r1\high1\high1.binlog"
"aspire","2","1","False","AUTO-H","normal1","normal","Normal","92.66","2026-08-08T01:04:55.4054659Z","2026-08-08T01:06:28.0670146Z","2026-08-08T01:04:56.2042459Z","0.79878","4","C:\perf\results\idle-node-burst-matrix-20260807-181942\aspire\block-002\attempt-01\AUTO-H\benchmark\coordinator-priority-r1\normal1\normal1.binlog"
"aspire","2","1","False","AUTO-H","normal2","normal","Normal","65.91","2026-08-08T01:04:55.4187519Z","2026-08-08T01:06:01.3254451Z","2026-08-08T01:04:56.2043483Z","0.7855964","8","C:\perf\results\idle-node-burst-matrix-20260807-181942\aspire\block-002\attempt-01\AUTO-H\benchmark\coordinator-priority-r1\normal2\normal2.binlog"
"aspire","2","1","False","AUTO-H","normal3","normal","Normal","132.23","2026-08-08T01:04:55.4332643Z","2026-08-08T01:07:07.6612339Z","2026-08-08T01:06:01.3224605Z","65.8891962","4","C:\perf\results\idle-node-burst-matrix-20260807-181942\aspire\block-002\attempt-01\AUTO-H\benchmark\coordinator-priority-r1\normal3\normal3.binlog"
"aspire","2","1","False","AUTO-H","normal4","normal","Normal","131.07","2026-08-08T01:04:55.4481470Z","2026-08-08T01:07:06.5153968Z","2026-08-08T01:06:01.3198824Z","65.8717354","4","C:\perf\results\idle-node-burst-matrix-20260807-181942\aspire\block-002\attempt-01\AUTO-H\benchmark\coordinator-priority-r1\normal4\normal4.binlog"
"aspire","2","1","False","AUTO-H","high1","high","High","93.67","2026-08-08T01:05:10.7394587Z","2026-08-08T01:06:44.4104753Z","2026-08-08T01:05:12.4205161Z","1.6810574","4","C:\perf\results\idle-node-burst-matrix-20260807-181942\aspire\block-002\attempt-01\AUTO-H\benchmark\coordinator-priority-r1\high1\high1.binlog"
"aspire","2","1","False","AUTO-N","normal1","normal","Normal","62.6","2026-08-08T01:01:01.3454422Z","2026-08-08T01:02:03.9487058Z","2026-08-08T01:01:02.1261012Z","0.780659","8","C:\perf\results\idle-node-burst-matrix-20260807-181942\aspire\block-002\attempt-01\AUTO-N\benchmark\coordinator-all-normal-r1\normal1\normal1.binlog"
"aspire","2","1","False","AUTO-N","normal2","normal","Normal","63.27","2026-08-08T01:01:01.3589459Z","2026-08-08T01:02:04.6240189Z","2026-08-08T01:01:02.1262592Z","0.7673133","4","C:\perf\results\idle-node-burst-matrix-20260807-181942\aspire\block-002\attempt-01\AUTO-N\benchmark\coordinator-all-normal-r1\normal2\normal2.binlog"
"aspire","2","1","False","AUTO-N","normal3","normal","Normal","135.13","2026-08-08T01:01:01.3710497Z","2026-08-08T01:03:16.5042563Z","2026-08-08T01:02:03.9424472Z","62.5713975","4","C:\perf\results\idle-node-burst-matrix-20260807-181942\aspire\block-002\attempt-01\AUTO-N\benchmark\coordinator-all-normal-r1\normal3\normal3.binlog"
"aspire","2","1","False","AUTO-N","normal4","normal","Normal","132.72","2026-08-08T01:01:01.3856659Z","2026-08-08T01:03:14.1073826Z","2026-08-08T01:02:03.9222816Z","62.5366157","4","C:\perf\results\idle-node-burst-matrix-20260807-181942\aspire\block-002\attempt-01\AUTO-N\benchmark\coordinator-all-normal-r1\normal4\normal4.binlog"
"aspire","2","1","False","AUTO-N","high1","high","Normal","121.94","2026-08-08T01:01:16.7281700Z","2026-08-08T01:03:18.6645527Z","2026-08-08T01:02:04.6099067Z","47.8817367","4","C:\perf\results\idle-node-burst-matrix-20260807-181942\aspire\block-002\attempt-01\AUTO-N\benchmark\coordinator-all-normal-r1\high1\high1.binlog"
"aspire","2","1","False","F4-H","normal1","normal","Normal","94.59","2026-08-08T01:08:44.4659268Z","2026-08-08T01:10:19.0579160Z","2026-08-08T01:08:45.2566553Z","0.7907285","4","C:\perf\results\idle-node-burst-matrix-20260807-181942\aspire\block-002\attempt-01\F4-H\benchmark\coordinator-priority-r1\normal1\normal1.binlog"
"aspire","2","1","False","F4-H","normal2","normal","Normal","87.64","2026-08-08T01:08:44.4788508Z","2026-08-08T01:10:12.1231413Z","2026-08-08T01:08:45.2566534Z","0.7778026","4","C:\perf\results\idle-node-burst-matrix-20260807-181942\aspire\block-002\attempt-01\F4-H\benchmark\coordinator-priority-r1\normal2\normal2.binlog"
"aspire","2","1","False","F4-H","normal3","normal","Normal","138.04","2026-08-08T01:08:44.4942058Z","2026-08-08T01:11:02.5345434Z","2026-08-08T01:10:12.1056435Z","87.6114377","4","C:\perf\results\idle-node-burst-matrix-20260807-181942\aspire\block-002\attempt-01\F4-H\benchmark\coordinator-priority-r1\normal3\normal3.binlog"
"aspire","2","1","False","F4-H","normal4","normal","Normal","98.97","2026-08-08T01:08:44.5079453Z","2026-08-08T01:10:23.4819838Z","2026-08-08T01:08:45.2566499Z","0.7487046","4","C:\perf\results\idle-node-burst-matrix-20260807-181942\aspire\block-002\attempt-01\F4-H\benchmark\coordinator-priority-r1\normal4\normal4.binlog"
"aspire","2","1","False","F4-H","high1","high","High","97.56","2026-08-08T01:08:59.8613225Z","2026-08-08T01:10:37.4171747Z","2026-08-08T01:09:00.8345904Z","0.9732679","4","C:\perf\results\idle-node-burst-matrix-20260807-181942\aspire\block-002\attempt-01\F4-H\benchmark\coordinator-priority-r1\high1\high1.binlog"
"aspire","2","1","False","F4-N","normal1","normal","Normal","132.39","2026-08-08T00:57:11.9116604Z","2026-08-08T00:59:24.2982666Z","2026-08-08T00:58:24.7853140Z","72.8736536","4","C:\perf\results\idle-node-burst-matrix-20260807-181942\aspire\block-002\attempt-01\F4-N\benchmark\coordinator-all-normal-r1\normal1\normal1.binlog"
"aspire","2","1","False","F4-N","normal2","normal","Normal","73.48","2026-08-08T00:57:11.9249419Z","2026-08-08T00:58:25.4030109Z","2026-08-08T00:57:12.7196695Z","0.7947276","4","C:\perf\results\idle-node-burst-matrix-20260807-181942\aspire\block-002\attempt-01\F4-N\benchmark\coordinator-all-normal-r1\normal2\normal2.binlog"
"aspire","2","1","False","F4-N","normal3","normal","Normal","74.26","2026-08-08T00:57:11.9426177Z","2026-08-08T00:58:26.2051938Z","2026-08-08T00:57:12.7195943Z","0.7769766","4","C:\perf\results\idle-node-burst-matrix-20260807-181942\aspire\block-002\attempt-01\F4-N\benchmark\coordinator-all-normal-r1\normal3\normal3.binlog"
"aspire","2","1","False","F4-N","normal4","normal","Normal","72.83","2026-08-08T00:57:11.9583336Z","2026-08-08T00:58:24.7904508Z","2026-08-08T00:57:12.7196516Z","0.761318","4","C:\perf\results\idle-node-burst-matrix-20260807-181942\aspire\block-002\attempt-01\F4-N\benchmark\coordinator-all-normal-r1\normal4\normal4.binlog"
"aspire","2","1","False","F4-N","high1","high","Normal","118.6","2026-08-08T00:57:27.3155234Z","2026-08-08T00:59:25.9123354Z","2026-08-08T00:58:25.3896164Z","58.074093","4","C:\perf\results\idle-node-burst-matrix-20260807-181942\aspire\block-002\attempt-01\F4-N\benchmark\coordinator-all-normal-r1\high1\high1.binlog"
"aspire","3","1","False","AUTO-H","normal1","normal","Normal","133.72","2026-08-08T01:24:27.6350662Z","2026-08-08T01:26:41.3597937Z","2026-08-08T01:25:36.6973982Z","69.062332","4","C:\perf\results\idle-node-burst-matrix-20260807-181942\aspire\block-003\attempt-01\AUTO-H\benchmark\coordinator-priority-r1\normal1\normal1.binlog"
"aspire","3","1","False","AUTO-H","normal2","normal","Normal","82.9","2026-08-08T01:24:27.6477045Z","2026-08-08T01:25:50.5502289Z","2026-08-08T01:24:28.4149259Z","0.7672214","4","C:\perf\results\idle-node-burst-matrix-20260807-181942\aspire\block-003\attempt-01\AUTO-H\benchmark\coordinator-priority-r1\normal2\normal2.binlog"
"aspire","3","1","False","AUTO-H","normal3","normal","Normal","69.04","2026-08-08T01:24:27.6606079Z","2026-08-08T01:25:36.7052087Z","2026-08-08T01:24:28.4146825Z","0.7540746","8","C:\perf\results\idle-node-burst-matrix-20260807-181942\aspire\block-003\attempt-01\AUTO-H\benchmark\coordinator-priority-r1\normal3\normal3.binlog"
"aspire","3","1","False","AUTO-H","normal4","normal","Normal","129.38","2026-08-08T01:24:27.6751203Z","2026-08-08T01:26:37.0557028Z","2026-08-08T01:25:36.6910123Z","69.015892","4","C:\perf\results\idle-node-burst-matrix-20260807-181942\aspire\block-003\attempt-01\AUTO-H\benchmark\coordinator-priority-r1\normal4\normal4.binlog"
"aspire","3","1","False","AUTO-H","high1","high","High","93.93","2026-08-08T01:24:42.9661822Z","2026-08-08T01:26:16.8974200Z","2026-08-08T01:24:44.8853007Z","1.9191185","4","C:\perf\results\idle-node-burst-matrix-20260807-181942\aspire\block-003\attempt-01\AUTO-H\benchmark\coordinator-priority-r1\high1\high1.binlog"
"aspire","3","1","False","AUTO-N","normal1","normal","Normal","62.68","2026-08-08T01:12:45.7788632Z","2026-08-08T01:13:48.4617946Z","2026-08-08T01:12:46.5656860Z","0.7868228","4","C:\perf\results\idle-node-burst-matrix-20260807-181942\aspire\block-003\attempt-01\AUTO-N\benchmark\coordinator-all-normal-r1\normal1\normal1.binlog"
"aspire","3","1","False","AUTO-N","normal2","normal","Normal","59.8","2026-08-08T01:12:45.7914789Z","2026-08-08T01:13:45.5949445Z","2026-08-08T01:12:46.5659153Z","0.7744364","8","C:\perf\results\idle-node-burst-matrix-20260807-181942\aspire\block-003\attempt-01\AUTO-N\benchmark\coordinator-all-normal-r1\normal2\normal2.binlog"
"aspire","3","1","False","AUTO-N","normal3","normal","Normal","128.79","2026-08-08T01:12:45.8046342Z","2026-08-08T01:14:54.5991721Z","2026-08-08T01:13:45.5890174Z","59.7843832","4","C:\perf\results\idle-node-burst-matrix-20260807-181942\aspire\block-003\attempt-01\AUTO-N\benchmark\coordinator-all-normal-r1\normal3\normal3.binlog"
"aspire","3","1","False","AUTO-N","normal4","normal","Normal","128.49","2026-08-08T01:12:45.8190263Z","2026-08-08T01:14:54.3073736Z","2026-08-08T01:13:45.5823001Z","59.7632738","4","C:\perf\results\idle-node-burst-matrix-20260807-181942\aspire\block-003\attempt-01\AUTO-N\benchmark\coordinator-all-normal-r1\normal4\normal4.binlog"
"aspire","3","1","False","AUTO-N","high1","high","Normal","118.76","2026-08-08T01:13:01.1572072Z","2026-08-08T01:14:59.9139544Z","2026-08-08T01:13:48.4479441Z","47.2907369","4","C:\perf\results\idle-node-burst-matrix-20260807-181942\aspire\block-003\attempt-01\AUTO-N\benchmark\coordinator-all-normal-r1\high1\high1.binlog"
"aspire","3","1","False","F4-H","normal1","normal","Normal","90.67","2026-08-08T01:16:39.6671812Z","2026-08-08T01:18:10.3396164Z","2026-08-08T01:16:40.4618767Z","0.7946955","4","C:\perf\results\idle-node-burst-matrix-20260807-181942\aspire\block-003\attempt-01\F4-H\benchmark\coordinator-priority-r1\normal1\normal1.binlog"
"aspire","3","1","False","F4-H","normal2","normal","Normal","91.46","2026-08-08T01:16:39.6795467Z","2026-08-08T01:18:11.1350196Z","2026-08-08T01:16:40.4618767Z","0.78233","4","C:\perf\results\idle-node-burst-matrix-20260807-181942\aspire\block-003\attempt-01\F4-H\benchmark\coordinator-priority-r1\normal2\normal2.binlog"
"aspire","3","1","False","F4-H","normal3","normal","Normal","88.98","2026-08-08T01:16:39.6917601Z","2026-08-08T01:18:08.6711642Z","2026-08-08T01:16:40.4617397Z","0.7699796","4","C:\perf\results\idle-node-burst-matrix-20260807-181942\aspire\block-003\attempt-01\F4-H\benchmark\coordinator-priority-r1\normal3\normal3.binlog"
"aspire","3","1","False","F4-H","normal4","normal","Normal","136.86","2026-08-08T01:16:39.7066132Z","2026-08-08T01:18:56.5653086Z","2026-08-08T01:18:08.6635892Z","88.956976","4","C:\perf\results\idle-node-burst-matrix-20260807-181942\aspire\block-003\attempt-01\F4-H\benchmark\coordinator-priority-r1\normal4\normal4.binlog"
"aspire","3","1","False","F4-H","high1","high","High","86.65","2026-08-08T01:16:55.1002114Z","2026-08-08T01:18:21.7500913Z","2026-08-08T01:16:56.4671336Z","1.3669222","4","C:\perf\results\idle-node-burst-matrix-20260807-181942\aspire\block-003\attempt-01\F4-H\benchmark\coordinator-priority-r1\high1\high1.binlog"
"aspire","3","1","False","F4-N","normal1","normal","Normal","78.71","2026-08-08T01:20:33.6784579Z","2026-08-08T01:21:52.3904230Z","2026-08-08T01:20:34.4745439Z","0.796086","4","C:\perf\results\idle-node-burst-matrix-20260807-181942\aspire\block-003\attempt-01\F4-N\benchmark\coordinator-all-normal-r1\normal1\normal1.binlog"
"aspire","3","1","False","F4-N","normal2","normal","Normal","137.89","2026-08-08T01:20:33.6907411Z","2026-08-08T01:22:51.5772758Z","2026-08-08T01:21:52.3646376Z","78.6738965","4","C:\perf\results\idle-node-burst-matrix-20260807-181942\aspire\block-003\attempt-01\F4-N\benchmark\coordinator-all-normal-r1\normal2\normal2.binlog"
"aspire","3","1","False","F4-N","normal3","normal","Normal","79.66","2026-08-08T01:20:33.7029962Z","2026-08-08T01:21:53.3615950Z","2026-08-08T01:20:34.4744062Z","0.77141","4","C:\perf\results\idle-node-burst-matrix-20260807-181942\aspire\block-003\attempt-01\F4-N\benchmark\coordinator-all-normal-r1\normal3\normal3.binlog"
"aspire","3","1","False","F4-N","normal4","normal","Normal","79.51","2026-08-08T01:20:33.7169219Z","2026-08-08T01:21:53.2226877Z","2026-08-08T01:20:34.4743789Z","0.757457","4","C:\perf\results\idle-node-burst-matrix-20260807-181942\aspire\block-003\attempt-01\F4-N\benchmark\coordinator-all-normal-r1\normal4\normal4.binlog"
"aspire","3","1","False","F4-N","high1","high","Normal","122.64","2026-08-08T01:20:49.0301145Z","2026-08-08T01:22:51.6695616Z","2026-08-08T01:21:53.2124687Z","64.1823542","4","C:\perf\results\idle-node-burst-matrix-20260807-181942\aspire\block-003\attempt-01\F4-N\benchmark\coordinator-all-normal-r1\high1\high1.binlog"
"aspire","4","1","False","AUTO-H","normal1","normal","Normal","88.03","2026-08-08T01:32:18.4338635Z","2026-08-08T01:33:46.4607777Z","2026-08-08T01:32:19.2353020Z","0.8014385","4","C:\perf\results\idle-node-burst-matrix-20260807-181942\aspire\block-004\attempt-01\AUTO-H\benchmark\coordinator-priority-r1\normal1\normal1.binlog"
"aspire","4","1","False","AUTO-H","normal2","normal","Normal","129.64","2026-08-08T01:32:18.4466400Z","2026-08-08T01:34:28.0869113Z","2026-08-08T01:33:25.1844566Z","66.7378166","4","C:\perf\results\idle-node-burst-matrix-20260807-181942\aspire\block-004\attempt-01\AUTO-H\benchmark\coordinator-priority-r1\normal2\normal2.binlog"
"aspire","4","1","False","AUTO-H","normal3","normal","Normal","66.71","2026-08-08T01:32:18.4594955Z","2026-08-08T01:33:25.1727547Z","2026-08-08T01:32:19.2353090Z","0.7758135","8","C:\perf\results\idle-node-burst-matrix-20260807-181942\aspire\block-004\attempt-01\AUTO-H\benchmark\coordinator-priority-r1\normal3\normal3.binlog"
"aspire","4","1","False","AUTO-H","normal4","normal","Normal","128.86","2026-08-08T01:32:18.4729708Z","2026-08-08T01:34:27.3370246Z","2026-08-08T01:33:25.1672724Z","66.6943016","4","C:\perf\results\idle-node-burst-matrix-20260807-181942\aspire\block-004\attempt-01\AUTO-H\benchmark\coordinator-priority-r1\normal4\normal4.binlog"
"aspire","4","1","False","AUTO-H","high1","high","High","93.65","2026-08-08T01:32:33.7827247Z","2026-08-08T01:34:07.4297513Z","2026-08-08T01:32:36.5839768Z","2.8012521","4","C:\perf\results\idle-node-burst-matrix-20260807-181942\aspire\block-004\attempt-01\AUTO-H\benchmark\coordinator-priority-r1\high1\high1.binlog"
"aspire","4","1","False","AUTO-N","normal1","normal","Normal","127.1","2026-08-08T01:36:07.1705649Z","2026-08-08T01:38:14.2728265Z","2026-08-08T01:37:05.3181436Z","58.1475787","4","C:\perf\results\idle-node-burst-matrix-20260807-181942\aspire\block-004\attempt-01\AUTO-N\benchmark\coordinator-all-normal-r1\normal1\normal1.binlog"
"aspire","4","1","False","AUTO-N","normal2","normal","Normal","72.69","2026-08-08T01:36:07.1831325Z","2026-08-08T01:37:19.8715636Z","2026-08-08T01:36:07.9261549Z","0.7430224","4","C:\perf\results\idle-node-burst-matrix-20260807-181942\aspire\block-004\attempt-01\AUTO-N\benchmark\coordinator-all-normal-r1\normal2\normal2.binlog"
"aspire","4","1","False","AUTO-N","normal3","normal","Normal","58.13","2026-08-08T01:36:07.1959958Z","2026-08-08T01:37:05.3227071Z","2026-08-08T01:36:07.9259265Z","0.7299307","8","C:\perf\results\idle-node-burst-matrix-20260807-181942\aspire\block-004\attempt-01\AUTO-N\benchmark\coordinator-all-normal-r1\normal3\normal3.binlog"
"aspire","4","1","False","AUTO-N","normal4","normal","Normal","124.93","2026-08-08T01:36:07.2097444Z","2026-08-08T01:38:12.1371206Z","2026-08-08T01:37:05.3206506Z","58.1109062","4","C:\perf\results\idle-node-burst-matrix-20260807-181942\aspire\block-004\attempt-01\AUTO-N\benchmark\coordinator-all-normal-r1\normal4\normal4.binlog"
"aspire","4","1","False","AUTO-N","high1","high","Normal","121.87","2026-08-08T01:36:22.5350297Z","2026-08-08T01:38:24.4002964Z","2026-08-08T01:37:19.8054378Z","57.2704081","4","C:\perf\results\idle-node-burst-matrix-20260807-181942\aspire\block-004\attempt-01\AUTO-N\benchmark\coordinator-all-normal-r1\high1\high1.binlog"
"aspire","4","1","False","F4-H","normal1","normal","Normal","134.81","2026-08-08T01:28:24.4297916Z","2026-08-08T01:30:39.2363421Z","2026-08-08T01:29:51.2694138Z","86.8396222","4","C:\perf\results\idle-node-burst-matrix-20260807-181942\aspire\block-004\attempt-01\F4-H\benchmark\coordinator-priority-r1\normal1\normal1.binlog"
"aspire","4","1","False","F4-H","normal2","normal","Normal","89.98","2026-08-08T01:28:24.4426167Z","2026-08-08T01:29:54.4179261Z","2026-08-08T01:28:25.2215382Z","0.7789215","4","C:\perf\results\idle-node-burst-matrix-20260807-181942\aspire\block-004\attempt-01\F4-H\benchmark\coordinator-priority-r1\normal2\normal2.binlog"
"aspire","4","1","False","F4-H","normal3","normal","Normal","92.52","2026-08-08T01:28:24.4552222Z","2026-08-08T01:29:56.9727198Z","2026-08-08T01:28:25.2216084Z","0.7663862","4","C:\perf\results\idle-node-burst-matrix-20260807-181942\aspire\block-004\attempt-01\F4-H\benchmark\coordinator-priority-r1\normal3\normal3.binlog"
"aspire","4","1","False","F4-H","normal4","normal","Normal","86.83","2026-08-08T01:28:24.4696579Z","2026-08-08T01:29:51.3044051Z","2026-08-08T01:28:25.2215906Z","0.7519327","4","C:\perf\results\idle-node-burst-matrix-20260807-181942\aspire\block-004\attempt-01\F4-H\benchmark\coordinator-priority-r1\normal4\normal4.binlog"
"aspire","4","1","False","F4-H","high1","high","High","81.06","2026-08-08T01:28:39.8171237Z","2026-08-08T01:30:00.8805311Z","2026-08-08T01:28:40.9940409Z","1.1769172","4","C:\perf\results\idle-node-burst-matrix-20260807-181942\aspire\block-004\attempt-01\F4-H\benchmark\coordinator-priority-r1\high1\high1.binlog"
"aspire","4","1","False","F4-N","normal1","normal","Normal","72.23","2026-08-08T01:40:01.1728776Z","2026-08-08T01:41:13.4019576Z","2026-08-08T01:40:01.9463811Z","0.7735035","4","C:\perf\results\idle-node-burst-matrix-20260807-181942\aspire\block-004\attempt-01\F4-N\benchmark\coordinator-all-normal-r1\normal1\normal1.binlog"
"aspire","4","1","False","F4-N","normal2","normal","Normal","130.25","2026-08-08T01:40:01.1848331Z","2026-08-08T01:42:11.4374754Z","2026-08-08T01:41:13.3979910Z","72.2131579","4","C:\perf\results\idle-node-burst-matrix-20260807-181942\aspire\block-004\attempt-01\F4-N\benchmark\coordinator-all-normal-r1\normal2\normal2.binlog"
"aspire","4","1","False","F4-N","normal3","normal","Normal","75.66","2026-08-08T01:40:01.1974467Z","2026-08-08T01:41:16.8602631Z","2026-08-08T01:40:01.9463561Z","0.7489094","4","C:\perf\results\idle-node-burst-matrix-20260807-181942\aspire\block-004\attempt-01\F4-N\benchmark\coordinator-all-normal-r1\normal3\normal3.binlog"
"aspire","4","1","False","F4-N","normal4","normal","Normal","76.56","2026-08-08T01:40:01.2122547Z","2026-08-08T01:41:17.7674762Z","2026-08-08T01:40:01.9463957Z","0.734141","4","C:\perf\results\idle-node-burst-matrix-20260807-181942\aspire\block-004\attempt-01\F4-N\benchmark\coordinator-all-normal-r1\normal4\normal4.binlog"
"aspire","4","1","False","F4-N","high1","high","Normal","119.89","2026-08-08T01:40:16.5306799Z","2026-08-08T01:42:16.4201615Z","2026-08-08T01:41:16.8463879Z","60.315708","4","C:\perf\results\idle-node-burst-matrix-20260807-181942\aspire\block-004\attempt-01\F4-N\benchmark\coordinator-all-normal-r1\high1\high1.binlog"
"aspire","5","1","False","AUTO-H","normal1","normal","Normal","127.15","2026-08-08T01:44:02.4242720Z","2026-08-08T01:46:09.5779243Z","2026-08-08T01:45:06.8099944Z","64.3857224","4","C:\perf\results\idle-node-burst-matrix-20260807-181942\aspire\block-005\attempt-01\AUTO-H\benchmark\coordinator-priority-r1\normal1\normal1.binlog"
"aspire","5","1","False","AUTO-H","normal2","normal","Normal","64.4","2026-08-08T01:44:02.4365885Z","2026-08-08T01:45:06.8330303Z","2026-08-08T01:44:03.1862481Z","0.7496596","8","C:\perf\results\idle-node-burst-matrix-20260807-181942\aspire\block-005\attempt-01\AUTO-H\benchmark\coordinator-priority-r1\normal2\normal2.binlog"
"aspire","5","1","False","AUTO-H","normal3","normal","Normal","123.97","2026-08-08T01:44:02.4494111Z","2026-08-08T01:46:06.4177592Z","2026-08-08T01:45:06.8187210Z","64.3693099","4","C:\perf\results\idle-node-burst-matrix-20260807-181942\aspire\block-005\attempt-01\AUTO-H\benchmark\coordinator-priority-r1\normal3\normal3.binlog"
"aspire","5","1","False","AUTO-H","normal4","normal","Normal","80.66","2026-08-08T01:44:02.4620256Z","2026-08-08T01:45:23.1258767Z","2026-08-08T01:44:03.1861954Z","0.7241698","4","C:\perf\results\idle-node-burst-matrix-20260807-181942\aspire\block-005\attempt-01\AUTO-H\benchmark\coordinator-priority-r1\normal4\normal4.binlog"
"aspire","5","1","False","AUTO-H","high1","high","High","89.1","2026-08-08T01:44:17.7994284Z","2026-08-08T01:45:46.9042434Z","2026-08-08T01:44:19.8913445Z","2.0919161","4","C:\perf\results\idle-node-burst-matrix-20260807-181942\aspire\block-005\attempt-01\AUTO-H\benchmark\coordinator-priority-r1\high1\high1.binlog"
"aspire","5","1","False","AUTO-N","normal1","normal","Normal","56.61","2026-08-08T01:55:29.0099656Z","2026-08-08T01:56:25.6156264Z","2026-08-08T01:55:29.7930999Z","0.7831343","8","C:\perf\results\idle-node-burst-matrix-20260807-181942\aspire\block-005\attempt-01\AUTO-N\benchmark\coordinator-all-normal-r1\normal1\normal1.binlog"
"aspire","5","1","False","AUTO-N","normal2","normal","Normal","61.82","2026-08-08T01:55:29.0221242Z","2026-08-08T01:56:30.8409690Z","2026-08-08T01:55:29.7934155Z","0.7712913","4","C:\perf\results\idle-node-burst-matrix-20260807-181942\aspire\block-005\attempt-01\AUTO-N\benchmark\coordinator-all-normal-r1\normal2\normal2.binlog"
"aspire","5","1","False","AUTO-N","normal3","normal","Normal","134.89","2026-08-08T01:55:29.0664750Z","2026-08-08T01:57:43.9577298Z","2026-08-08T01:56:25.6233029Z","56.5568279","4","C:\perf\results\idle-node-burst-matrix-20260807-181942\aspire\block-005\attempt-01\AUTO-N\benchmark\coordinator-all-normal-r1\normal3\normal3.binlog"
"aspire","5","1","False","AUTO-N","normal4","normal","Normal","131.32","2026-08-08T01:55:29.0820764Z","2026-08-08T01:57:40.3999595Z","2026-08-08T01:56:25.6044751Z","56.5223987","4","C:\perf\results\idle-node-burst-matrix-20260807-181942\aspire\block-005\attempt-01\AUTO-N\benchmark\coordinator-all-normal-r1\normal4\normal4.binlog"
"aspire","5","1","False","AUTO-N","high1","high","Normal","123.44","2026-08-08T01:55:44.4007010Z","2026-08-08T01:57:47.8430177Z","2026-08-08T01:56:30.8432220Z","46.442521","4","C:\perf\results\idle-node-burst-matrix-20260807-181942\aspire\block-005\attempt-01\AUTO-N\benchmark\coordinator-all-normal-r1\high1\high1.binlog"
"aspire","5","1","False","F4-H","normal1","normal","Normal","85.45","2026-08-08T01:51:35.1417233Z","2026-08-08T01:53:00.5894763Z","2026-08-08T01:51:35.9163889Z","0.7746656","4","C:\perf\results\idle-node-burst-matrix-20260807-181942\aspire\block-005\attempt-01\F4-H\benchmark\coordinator-priority-r1\normal1\normal1.binlog"
"aspire","5","1","False","F4-H","normal2","normal","Normal","86.32","2026-08-08T01:51:35.1546559Z","2026-08-08T01:53:01.4786596Z","2026-08-08T01:51:35.9164173Z","0.7617614","4","C:\perf\results\idle-node-burst-matrix-20260807-181942\aspire\block-005\attempt-01\F4-H\benchmark\coordinator-priority-r1\normal2\normal2.binlog"
"aspire","5","1","False","F4-H","normal3","normal","Normal","91.14","2026-08-08T01:51:35.1698011Z","2026-08-08T01:53:06.3088015Z","2026-08-08T01:51:35.9163318Z","0.7465307","4","C:\perf\results\idle-node-burst-matrix-20260807-181942\aspire\block-005\attempt-01\F4-H\benchmark\coordinator-priority-r1\normal3\normal3.binlog"
"aspire","5","1","False","F4-H","normal4","normal","Normal","134.69","2026-08-08T01:51:35.1823070Z","2026-08-08T01:53:49.8735723Z","2026-08-08T01:53:00.6078671Z","85.4255601","4","C:\perf\results\idle-node-burst-matrix-20260807-181942\aspire\block-005\attempt-01\F4-H\benchmark\coordinator-priority-r1\normal4\normal4.binlog"
"aspire","5","1","False","F4-H","high1","high","High","84.7","2026-08-08T01:51:50.5501692Z","2026-08-08T01:53:15.2528706Z","2026-08-08T01:51:52.1012541Z","1.5510849","4","C:\perf\results\idle-node-burst-matrix-20260807-181942\aspire\block-005\attempt-01\F4-H\benchmark\coordinator-priority-r1\high1\high1.binlog"
"aspire","5","1","False","F4-N","normal1","normal","Normal","73.07","2026-08-08T01:47:46.2221233Z","2026-08-08T01:48:59.2938115Z","2026-08-08T01:47:46.9979929Z","0.7758696","4","C:\perf\results\idle-node-burst-matrix-20260807-181942\aspire\block-005\attempt-01\F4-N\benchmark\coordinator-all-normal-r1\normal1\normal1.binlog"
"aspire","5","1","False","F4-N","normal2","normal","Normal","130.83","2026-08-08T01:47:46.2350693Z","2026-08-08T01:49:57.0605222Z","2026-08-08T01:48:56.9916775Z","70.7566082","4","C:\perf\results\idle-node-burst-matrix-20260807-181942\aspire\block-005\attempt-01\F4-N\benchmark\coordinator-all-normal-r1\normal2\normal2.binlog"
"aspire","5","1","False","F4-N","normal3","normal","Normal","78.88","2026-08-08T01:47:46.2481315Z","2026-08-08T01:49:05.1301227Z","2026-08-08T01:47:46.9982959Z","0.7501644","4","C:\perf\results\idle-node-burst-matrix-20260807-181942\aspire\block-005\attempt-01\F4-N\benchmark\coordinator-all-normal-r1\normal3\normal3.binlog"
"aspire","5","1","False","F4-N","normal4","normal","Normal","70.73","2026-08-08T01:47:46.2647558Z","2026-08-08T01:48:56.9987093Z","2026-08-08T01:47:46.9979862Z","0.7332304","4","C:\perf\results\idle-node-burst-matrix-20260807-181942\aspire\block-005\attempt-01\F4-N\benchmark\coordinator-all-normal-r1\normal4\normal4.binlog"
"aspire","5","1","False","F4-N","high1","high","Normal","115.79","2026-08-08T01:48:01.6206643Z","2026-08-08T01:49:57.4124777Z","2026-08-08T01:48:59.2808928Z","57.6602285","4","C:\perf\results\idle-node-burst-matrix-20260807-181942\aspire\block-005\attempt-01\F4-N\benchmark\coordinator-all-normal-r1\high1\high1.binlog"
"roslyn","1","1","True","AUTO-H","normal1","normal","Normal","200.41","2026-08-07T23:11:38.4321458Z","2026-08-07T23:14:58.8436801Z","2026-08-07T23:13:48.0238735Z","129.5917277","4","C:\perf\results\idle-node-burst-matrix-20260807-181942\roslyn\block-001\attempt-01\AUTO-H\benchmark\coordinator-priority-r1\normal1\normal1.binlog"
"roslyn","1","1","True","AUTO-H","normal2","normal","Normal","129.59","2026-08-07T23:11:38.4495536Z","2026-08-07T23:13:48.0382616Z","2026-08-07T23:11:39.3656832Z","0.9161296","8","C:\perf\results\idle-node-burst-matrix-20260807-181942\roslyn\block-001\attempt-01\AUTO-H\benchmark\coordinator-priority-r1\normal2\normal2.binlog"
"roslyn","1","1","True","AUTO-H","normal3","normal","Normal","175.15","2026-08-07T23:11:38.4632236Z","2026-08-07T23:14:33.6170289Z","2026-08-07T23:13:13.2903025Z","94.8270789","4","C:\perf\results\idle-node-burst-matrix-20260807-181942\roslyn\block-001\attempt-01\AUTO-H\benchmark\coordinator-priority-r1\normal3\normal3.binlog"
"roslyn","1","1","True","AUTO-H","normal4","normal","Normal","94.83","2026-08-07T23:11:38.4754709Z","2026-08-07T23:13:13.3070035Z","2026-08-07T23:11:39.3655964Z","0.8901255","4","C:\perf\results\idle-node-burst-matrix-20260807-181942\roslyn\block-001\attempt-01\AUTO-H\benchmark\coordinator-priority-r1\normal4\normal4.binlog"
"roslyn","1","1","True","AUTO-H","high1","high","High","89.86","2026-08-07T23:11:53.8929690Z","2026-08-07T23:13:23.7524671Z","2026-08-07T23:12:02.7586129Z","8.8656439","4","C:\perf\results\idle-node-burst-matrix-20260807-181942\roslyn\block-001\attempt-01\AUTO-H\benchmark\coordinator-priority-r1\high1\high1.binlog"
"roslyn","1","1","True","AUTO-N","normal1","normal","Normal","67.74","2026-08-07T23:25:10.9332192Z","2026-08-07T23:26:18.6747578Z","2026-08-07T23:25:11.7452252Z","0.812006","4","C:\perf\results\idle-node-burst-matrix-20260807-181942\roslyn\block-001\attempt-01\AUTO-N\benchmark\coordinator-all-normal-r1\normal1\normal1.binlog"
"roslyn","1","1","True","AUTO-N","normal2","normal","Normal","178.6","2026-08-07T23:25:10.9483205Z","2026-08-07T23:28:09.5489433Z","2026-08-07T23:26:52.8490725Z","101.900752","4","C:\perf\results\idle-node-burst-matrix-20260807-181942\roslyn\block-001\attempt-01\AUTO-N\benchmark\coordinator-all-normal-r1\normal2\normal2.binlog"
"roslyn","1","1","True","AUTO-N","normal3","normal","Normal","153.06","2026-08-07T23:25:10.9638755Z","2026-08-07T23:27:44.0210482Z","2026-08-07T23:26:18.6675310Z","67.7036555","4","C:\perf\results\idle-node-burst-matrix-20260807-181942\roslyn\block-001\attempt-01\AUTO-N\benchmark\coordinator-all-normal-r1\normal3\normal3.binlog"
"roslyn","1","1","True","AUTO-N","normal4","normal","Normal","101.9","2026-08-07T23:25:10.9793775Z","2026-08-07T23:26:52.8827297Z","2026-08-07T23:25:11.7452841Z","0.7659066","8","C:\perf\results\idle-node-burst-matrix-20260807-181942\roslyn\block-001\attempt-01\AUTO-N\benchmark\coordinator-all-normal-r1\normal4\normal4.binlog"
"roslyn","1","1","True","AUTO-N","high1","high","Normal","160.78","2026-08-07T23:25:26.3669714Z","2026-08-07T23:28:07.1448744Z","2026-08-07T23:26:52.8682882Z","86.5013168","4","C:\perf\results\idle-node-burst-matrix-20260807-181942\roslyn\block-001\attempt-01\AUTO-N\benchmark\coordinator-all-normal-r1\high1\high1.binlog"
"roslyn","1","1","True","F4-H","normal1","normal","Normal","165.52","2026-08-07T23:20:46.6596137Z","2026-08-07T23:23:32.1823153Z","2026-08-07T23:22:33.3513616Z","106.6917479","4","C:\perf\results\idle-node-burst-matrix-20260807-181942\roslyn\block-001\attempt-01\F4-H\benchmark\coordinator-priority-r1\normal1\normal1.binlog"
"roslyn","1","1","True","F4-H","normal2","normal","Normal","107.18","2026-08-07T23:20:46.6724715Z","2026-08-07T23:22:33.8484775Z","2026-08-07T23:20:47.4209069Z","0.7484354","4","C:\perf\results\idle-node-burst-matrix-20260807-181942\roslyn\block-001\attempt-01\F4-H\benchmark\coordinator-priority-r1\normal2\normal2.binlog"
"roslyn","1","1","True","F4-H","normal3","normal","Normal","106.85","2026-08-07T23:20:46.6847539Z","2026-08-07T23:22:33.5337258Z","2026-08-07T23:20:47.4208500Z","0.7360961","4","C:\perf\results\idle-node-burst-matrix-20260807-181942\roslyn\block-001\attempt-01\F4-H\benchmark\coordinator-priority-r1\normal3\normal3.binlog"
"roslyn","1","1","True","F4-H","normal4","normal","Normal","106.66","2026-08-07T23:20:46.7012876Z","2026-08-07T23:22:33.3636535Z","2026-08-07T23:20:47.4208580Z","0.7195704","4","C:\perf\results\idle-node-burst-matrix-20260807-181942\roslyn\block-001\attempt-01\F4-H\benchmark\coordinator-priority-r1\normal4\normal4.binlog"
"roslyn","1","1","True","F4-H","high1","high","High","134.5","2026-08-07T23:21:02.0681321Z","2026-08-07T23:23:16.5715119Z","2026-08-07T23:21:15.2227510Z","13.1546189","4","C:\perf\results\idle-node-burst-matrix-20260807-181942\roslyn\block-001\attempt-01\F4-H\benchmark\coordinator-priority-r1\high1\high1.binlog"
"roslyn","1","1","True","F4-N","normal1","normal","Normal","78.92","2026-08-07T23:16:37.5853145Z","2026-08-07T23:17:56.5079576Z","2026-08-07T23:16:38.3576223Z","0.7723078","4","C:\perf\results\idle-node-burst-matrix-20260807-181942\roslyn\block-001\attempt-01\F4-N\benchmark\coordinator-all-normal-r1\normal1\normal1.binlog"
"roslyn","1","1","True","F4-N","normal2","normal","Normal","78.1","2026-08-07T23:16:37.5975733Z","2026-08-07T23:17:55.7001727Z","2026-08-07T23:16:38.3576794Z","0.7601061","4","C:\perf\results\idle-node-burst-matrix-20260807-181942\roslyn\block-001\attempt-01\F4-N\benchmark\coordinator-all-normal-r1\normal2\normal2.binlog"
"roslyn","1","1","True","F4-N","normal3","normal","Normal","132.48","2026-08-07T23:16:37.6096941Z","2026-08-07T23:18:50.0855068Z","2026-08-07T23:16:38.3576667Z","0.7479726","4","C:\perf\results\idle-node-burst-matrix-20260807-181942\roslyn\block-001\attempt-01\F4-N\benchmark\coordinator-all-normal-r1\normal3\normal3.binlog"
"roslyn","1","1","True","F4-N","normal4","normal","Normal","149.02","2026-08-07T23:16:37.6224727Z","2026-08-07T23:19:06.6460359Z","2026-08-07T23:17:55.6926192Z","78.0701465","4","C:\perf\results\idle-node-burst-matrix-20260807-181942\roslyn\block-001\attempt-01\F4-N\benchmark\coordinator-all-normal-r1\normal4\normal4.binlog"
"roslyn","1","1","True","F4-N","high1","high","Normal","130.72","2026-08-07T23:16:53.0221416Z","2026-08-07T23:19:03.7394400Z","2026-08-07T23:17:56.4944279Z","63.4722863","4","C:\perf\results\idle-node-burst-matrix-20260807-181942\roslyn\block-001\attempt-01\F4-N\benchmark\coordinator-all-normal-r1\high1\high1.binlog"
"roslyn","2","1","False","AUTO-H","normal1","normal","Normal","118.52","2026-08-07T23:38:46.1687300Z","2026-08-07T23:40:44.6912251Z","2026-08-07T23:38:46.9676617Z","0.7989317","8","C:\perf\results\idle-node-burst-matrix-20260807-181942\roslyn\block-002\attempt-01\AUTO-H\benchmark\coordinator-priority-r1\normal1\normal1.binlog"
"roslyn","2","1","False","AUTO-H","normal2","normal","Normal","83.21","2026-08-07T23:38:46.1834231Z","2026-08-07T23:40:09.3983816Z","2026-08-07T23:38:46.9674840Z","0.7840609","4","C:\perf\results\idle-node-burst-matrix-20260807-181942\roslyn\block-002\attempt-01\AUTO-H\benchmark\coordinator-priority-r1\normal2\normal2.binlog"
"roslyn","2","1","False","AUTO-H","normal3","normal","Normal","153.42","2026-08-07T23:38:46.1977826Z","2026-08-07T23:41:19.6140351Z","2026-08-07T23:40:09.3906784Z","83.1928958","4","C:\perf\results\idle-node-burst-matrix-20260807-181942\roslyn\block-002\attempt-01\AUTO-H\benchmark\coordinator-priority-r1\normal3\normal3.binlog"
"roslyn","2","1","False","AUTO-H","normal4","normal","Normal","175.91","2026-08-07T23:38:46.2150035Z","2026-08-07T23:41:42.1258711Z","2026-08-07T23:40:44.6749539Z","118.4599504","4","C:\perf\results\idle-node-burst-matrix-20260807-181942\roslyn\block-002\attempt-01\AUTO-H\benchmark\coordinator-priority-r1\normal4\normal4.binlog"
"roslyn","2","1","False","AUTO-H","high1","high","High","88.46","2026-08-07T23:39:01.5792529Z","2026-08-07T23:40:30.0421819Z","2026-08-07T23:39:10.4539307Z","8.8746778","4","C:\perf\results\idle-node-burst-matrix-20260807-181942\roslyn\block-002\attempt-01\AUTO-H\benchmark\coordinator-priority-r1\high1\high1.binlog"
"roslyn","2","1","False","AUTO-N","normal1","normal","Normal","102.39","2026-08-07T23:34:11.9725334Z","2026-08-07T23:35:54.3629325Z","2026-08-07T23:34:12.7782328Z","0.8056994","8","C:\perf\results\idle-node-burst-matrix-20260807-181942\roslyn\block-002\attempt-01\AUTO-N\benchmark\coordinator-all-normal-r1\normal1\normal1.binlog"
"roslyn","2","1","False","AUTO-N","normal2","normal","Normal","156.18","2026-08-07T23:34:11.9854597Z","2026-08-07T23:36:48.1647216Z","2026-08-07T23:35:24.1420204Z","72.1565607","4","C:\perf\results\idle-node-burst-matrix-20260807-181942\roslyn\block-002\attempt-01\AUTO-N\benchmark\coordinator-all-normal-r1\normal2\normal2.binlog"
"roslyn","2","1","False","AUTO-N","normal3","normal","Normal","171.19","2026-08-07T23:34:12.0220024Z","2026-08-07T23:37:03.2122236Z","2026-08-07T23:35:54.3468180Z","102.3248156","4","C:\perf\results\idle-node-burst-matrix-20260807-181942\roslyn\block-002\attempt-01\AUTO-N\benchmark\coordinator-all-normal-r1\normal3\normal3.binlog"
"roslyn","2","1","False","AUTO-N","normal4","normal","Normal","72.11","2026-08-07T23:34:12.0391429Z","2026-08-07T23:35:24.1488822Z","2026-08-07T23:34:12.7783152Z","0.7391723","4","C:\perf\results\idle-node-burst-matrix-20260807-181942\roslyn\block-002\attempt-01\AUTO-N\benchmark\coordinator-all-normal-r1\normal4\normal4.binlog"
"roslyn","2","1","False","AUTO-N","high1","high","Normal","163.06","2026-08-07T23:34:27.4152779Z","2026-08-07T23:37:10.4707865Z","2026-08-07T23:35:54.3481989Z","86.932921","4","C:\perf\results\idle-node-burst-matrix-20260807-181942\roslyn\block-002\attempt-01\AUTO-N\benchmark\coordinator-all-normal-r1\high1\high1.binlog"
"roslyn","2","1","False","F4-H","normal1","normal","Normal","107.92","2026-08-07T23:43:20.3386779Z","2026-08-07T23:45:08.2603996Z","2026-08-07T23:43:21.1302058Z","0.7915279","4","C:\perf\results\idle-node-burst-matrix-20260807-181942\roslyn\block-002\attempt-01\F4-H\benchmark\coordinator-priority-r1\normal1\normal1.binlog"
"roslyn","2","1","False","F4-H","normal2","normal","Normal","163.49","2026-08-07T23:43:20.3527222Z","2026-08-07T23:46:03.8404623Z","2026-08-07T23:45:08.2453995Z","107.8926773","4","C:\perf\results\idle-node-burst-matrix-20260807-181942\roslyn\block-002\attempt-01\F4-H\benchmark\coordinator-priority-r1\normal2\normal2.binlog"
"roslyn","2","1","False","F4-H","normal3","normal","Normal","113.1","2026-08-07T23:43:20.3651556Z","2026-08-07T23:45:13.4616232Z","2026-08-07T23:43:21.1302815Z","0.7651259","4","C:\perf\results\idle-node-burst-matrix-20260807-181942\roslyn\block-002\attempt-01\F4-H\benchmark\coordinator-priority-r1\normal3\normal3.binlog"
"roslyn","2","1","False","F4-H","normal4","normal","Normal","112.48","2026-08-07T23:43:20.3797572Z","2026-08-07T23:45:12.8572694Z","2026-08-07T23:43:21.1301144Z","0.7503572","4","C:\perf\results\idle-node-burst-matrix-20260807-181942\roslyn\block-002\attempt-01\F4-H\benchmark\coordinator-priority-r1\normal4\normal4.binlog"
"roslyn","2","1","False","F4-H","high1","high","High","115.41","2026-08-07T23:43:35.7798100Z","2026-08-07T23:45:31.1935155Z","2026-08-07T23:43:49.3956533Z","13.6158433","4","C:\perf\results\idle-node-burst-matrix-20260807-181942\roslyn\block-002\attempt-01\F4-H\benchmark\coordinator-priority-r1\high1\high1.binlog"
"roslyn","2","1","False","F4-N","normal1","normal","Normal","92.41","2026-08-07T23:29:52.4603325Z","2026-08-07T23:31:24.8732091Z","2026-08-07T23:29:53.2579400Z","0.7976075","4","C:\perf\results\idle-node-burst-matrix-20260807-181942\roslyn\block-002\attempt-01\F4-N\benchmark\coordinator-all-normal-r1\normal1\normal1.binlog"
"roslyn","2","1","False","F4-N","normal2","normal","Normal","160.27","2026-08-07T23:29:52.4728131Z","2026-08-07T23:32:32.7474452Z","2026-08-07T23:31:23.7706353Z","91.2978222","4","C:\perf\results\idle-node-burst-matrix-20260807-181942\roslyn\block-002\attempt-01\F4-N\benchmark\coordinator-all-normal-r1\normal2\normal2.binlog"
"roslyn","2","1","False","F4-N","normal3","normal","Normal","91.42","2026-08-07T23:29:52.4872150Z","2026-08-07T23:31:23.9120702Z","2026-08-07T23:29:53.2578999Z","0.7706849","4","C:\perf\results\idle-node-burst-matrix-20260807-181942\roslyn\block-002\attempt-01\F4-N\benchmark\coordinator-all-normal-r1\normal3\normal3.binlog"
"roslyn","2","1","False","F4-N","normal4","normal","Normal","91.28","2026-08-07T23:29:52.5019446Z","2026-08-07T23:31:23.7777560Z","2026-08-07T23:29:53.2579223Z","0.7559777","4","C:\perf\results\idle-node-burst-matrix-20260807-181942\roslyn\block-002\attempt-01\F4-N\benchmark\coordinator-all-normal-r1\normal4\normal4.binlog"
"roslyn","2","1","False","F4-N","high1","high","Normal","143.62","2026-08-07T23:30:07.9272743Z","2026-08-07T23:32:31.5504539Z","2026-08-07T23:31:23.8984950Z","75.9712207","4","C:\perf\results\idle-node-burst-matrix-20260807-181942\roslyn\block-002\attempt-01\F4-N\benchmark\coordinator-all-normal-r1\high1\high1.binlog"
"roslyn","3","1","False","AUTO-H","normal1","normal","Normal","149.63","2026-08-08T00:00:54.1503248Z","2026-08-08T00:03:23.7834182Z","2026-08-08T00:02:16.7165907Z","82.5662659","4","C:\perf\results\idle-node-burst-matrix-20260807-181942\roslyn\block-003\attempt-01\AUTO-H\benchmark\coordinator-priority-r1\normal1\normal1.binlog"
"roslyn","3","1","False","AUTO-H","normal2","normal","Normal","116.72","2026-08-08T00:00:54.1637013Z","2026-08-08T00:02:50.8856273Z","2026-08-08T00:00:54.9285633Z","0.764862","8","C:\perf\results\idle-node-burst-matrix-20260807-181942\roslyn\block-003\attempt-01\AUTO-H\benchmark\coordinator-priority-r1\normal2\normal2.binlog"
"roslyn","3","1","False","AUTO-H","normal3","normal","Normal","175.31","2026-08-08T00:00:54.1772977Z","2026-08-08T00:03:49.4915786Z","2026-08-08T00:02:50.8696239Z","116.6923262","4","C:\perf\results\idle-node-burst-matrix-20260807-181942\roslyn\block-003\attempt-01\AUTO-H\benchmark\coordinator-priority-r1\normal3\normal3.binlog"
"roslyn","3","1","False","AUTO-H","normal4","normal","Normal","82.53","2026-08-08T00:00:54.1899860Z","2026-08-08T00:02:16.7243127Z","2026-08-08T00:00:54.9287939Z","0.7388079","4","C:\perf\results\idle-node-burst-matrix-20260807-181942\roslyn\block-003\attempt-01\AUTO-H\benchmark\coordinator-priority-r1\normal4\normal4.binlog"
"roslyn","3","1","False","AUTO-H","high1","high","High","89.92","2026-08-08T00:01:09.6001219Z","2026-08-08T00:02:39.5168301Z","2026-08-08T00:01:17.3890948Z","7.7889729","4","C:\perf\results\idle-node-burst-matrix-20260807-181942\roslyn\block-003\attempt-01\AUTO-H\benchmark\coordinator-priority-r1\high1\high1.binlog"
"roslyn","3","1","False","AUTO-N","normal1","normal","Normal","153.52","2026-08-07T23:47:46.8637940Z","2026-08-07T23:50:20.3852419Z","2026-08-07T23:48:57.4779261Z","70.6141321","4","C:\perf\results\idle-node-burst-matrix-20260807-181942\roslyn\block-003\attempt-01\AUTO-N\benchmark\coordinator-all-normal-r1\normal1\normal1.binlog"
"roslyn","3","1","False","AUTO-N","normal2","normal","Normal","99.54","2026-08-07T23:47:46.8775237Z","2026-08-07T23:49:26.4159239Z","2026-08-07T23:47:47.6289305Z","0.7514068","8","C:\perf\results\idle-node-burst-matrix-20260807-181942\roslyn\block-003\attempt-01\AUTO-N\benchmark\coordinator-all-normal-r1\normal2\normal2.binlog"
"roslyn","3","1","False","AUTO-N","normal3","normal","Normal","70.59","2026-08-07T23:47:46.8909761Z","2026-08-07T23:48:57.4847840Z","2026-08-07T23:47:47.6287843Z","0.7378082","4","C:\perf\results\idle-node-burst-matrix-20260807-181942\roslyn\block-003\attempt-01\AUTO-N\benchmark\coordinator-all-normal-r1\normal3\normal3.binlog"
"roslyn","3","1","False","AUTO-N","normal4","normal","Normal","168.79","2026-08-07T23:47:46.9082825Z","2026-08-07T23:50:35.7010675Z","2026-08-07T23:49:26.3937876Z","99.4855051","4","C:\perf\results\idle-node-burst-matrix-20260807-181942\roslyn\block-003\attempt-01\AUTO-N\benchmark\coordinator-all-normal-r1\normal4\normal4.binlog"
"roslyn","3","1","False","AUTO-N","high1","high","Normal","159.45","2026-08-07T23:48:02.2949657Z","2026-08-07T23:50:41.7448587Z","2026-08-07T23:49:26.3952817Z","84.100316","4","C:\perf\results\idle-node-burst-matrix-20260807-181942\roslyn\block-003\attempt-01\AUTO-N\benchmark\coordinator-all-normal-r1\high1\high1.binlog"
"roslyn","3","1","False","F4-H","normal1","normal","Normal","119.26","2026-08-07T23:52:20.9639598Z","2026-08-07T23:54:20.2266870Z","2026-08-07T23:52:21.7521819Z","0.7882221","4","C:\perf\results\idle-node-burst-matrix-20260807-181942\roslyn\block-003\attempt-01\F4-H\benchmark\coordinator-priority-r1\normal1\normal1.binlog"
"roslyn","3","1","False","F4-H","normal2","normal","Normal","94.75","2026-08-07T23:52:20.9764385Z","2026-08-07T23:53:55.7301499Z","2026-08-07T23:52:21.7521102Z","0.7756717","4","C:\perf\results\idle-node-burst-matrix-20260807-181942\roslyn\block-003\attempt-01\F4-H\benchmark\coordinator-priority-r1\normal2\normal2.binlog"
"roslyn","3","1","False","F4-H","normal3","normal","Normal","97.32","2026-08-07T23:52:20.9926242Z","2026-08-07T23:53:58.3139742Z","2026-08-07T23:52:21.7521099Z","0.7594857","4","C:\perf\results\idle-node-burst-matrix-20260807-181942\roslyn\block-003\attempt-01\F4-H\benchmark\coordinator-priority-r1\normal3\normal3.binlog"
"roslyn","3","1","False","F4-H","normal4","normal","Normal","158.59","2026-08-07T23:52:21.0071112Z","2026-08-07T23:54:59.6000477Z","2026-08-07T23:53:55.7108260Z","94.7037148","4","C:\perf\results\idle-node-burst-matrix-20260807-181942\roslyn\block-003\attempt-01\F4-H\benchmark\coordinator-priority-r1\normal4\normal4.binlog"
"roslyn","3","1","False","F4-H","high1","high","High","133.14","2026-08-07T23:52:36.4037964Z","2026-08-07T23:54:49.5473917Z","2026-08-07T23:52:48.2147416Z","11.8109452","4","C:\perf\results\idle-node-burst-matrix-20260807-181942\roslyn\block-003\attempt-01\F4-H\benchmark\coordinator-priority-r1\high1\high1.binlog"
"roslyn","3","1","False","F4-N","normal1","normal","Normal","155.54","2026-08-07T23:56:40.0165220Z","2026-08-07T23:59:15.5516358Z","2026-08-07T23:58:08.8288839Z","88.8123619","4","C:\perf\results\idle-node-burst-matrix-20260807-181942\roslyn\block-003\attempt-01\F4-N\benchmark\coordinator-all-normal-r1\normal1\normal1.binlog"
"roslyn","3","1","False","F4-N","normal2","normal","Normal","89.75","2026-08-07T23:56:40.0514694Z","2026-08-07T23:58:09.8014855Z","2026-08-07T23:56:40.7958068Z","0.7443374","4","C:\perf\results\idle-node-burst-matrix-20260807-181942\roslyn\block-003\attempt-01\F4-N\benchmark\coordinator-all-normal-r1\normal2\normal2.binlog"
"roslyn","3","1","False","F4-N","normal3","normal","Normal","89.58","2026-08-07T23:56:40.0673213Z","2026-08-07T23:58:09.6480179Z","2026-08-07T23:56:40.7958326Z","0.7285113","4","C:\perf\results\idle-node-burst-matrix-20260807-181942\roslyn\block-003\attempt-01\F4-N\benchmark\coordinator-all-normal-r1\normal3\normal3.binlog"
"roslyn","3","1","False","F4-N","normal4","normal","Normal","88.75","2026-08-07T23:56:40.0815493Z","2026-08-07T23:58:08.8359032Z","2026-08-07T23:56:40.7958706Z","0.7143213","4","C:\perf\results\idle-node-burst-matrix-20260807-181942\roslyn\block-003\attempt-01\F4-N\benchmark\coordinator-all-normal-r1\normal4\normal4.binlog"
"roslyn","3","1","False","F4-N","high1","high","Normal","142.12","2026-08-07T23:56:55.4826859Z","2026-08-07T23:59:17.6030419Z","2026-08-07T23:58:09.6334031Z","74.1507172","4","C:\perf\results\idle-node-burst-matrix-20260807-181942\roslyn\block-003\attempt-01\F4-N\benchmark\coordinator-all-normal-r1\high1\high1.binlog"
"roslyn","4","1","False","AUTO-H","normal1","normal","Normal","85.68","2026-08-08T00:09:54.7562613Z","2026-08-08T00:11:20.4394855Z","2026-08-08T00:09:55.5384807Z","0.7822194","4","C:\perf\results\idle-node-burst-matrix-20260807-181942\roslyn\block-004\attempt-01\AUTO-H\benchmark\coordinator-priority-r1\normal1\normal1.binlog"
"roslyn","4","1","False","AUTO-H","normal2","normal","Normal","180.99","2026-08-08T00:09:54.7685120Z","2026-08-08T00:12:55.7552338Z","2026-08-08T00:11:57.6403376Z","122.8718256","4","C:\perf\results\idle-node-burst-matrix-20260807-181942\roslyn\block-004\attempt-01\AUTO-H\benchmark\coordinator-priority-r1\normal2\normal2.binlog"
"roslyn","4","1","False","AUTO-H","normal3","normal","Normal","122.87","2026-08-08T00:09:54.7803843Z","2026-08-08T00:11:57.6549098Z","2026-08-08T00:09:55.5383372Z","0.7579529","8","C:\perf\results\idle-node-burst-matrix-20260807-181942\roslyn\block-004\attempt-01\AUTO-H\benchmark\coordinator-priority-r1\normal3\normal3.binlog"
"roslyn","4","1","False","AUTO-H","normal4","normal","Normal","157.43","2026-08-08T00:09:54.7936103Z","2026-08-08T00:12:32.2275280Z","2026-08-08T00:11:20.4307923Z","85.637182","4","C:\perf\results\idle-node-burst-matrix-20260807-181942\roslyn\block-004\attempt-01\AUTO-H\benchmark\coordinator-priority-r1\normal4\normal4.binlog"
"roslyn","4","1","False","AUTO-H","high1","high","High","94.04","2026-08-08T00:10:10.2004023Z","2026-08-08T00:11:44.2394351Z","2026-08-08T00:10:18.2011199Z","8.0007176","4","C:\perf\results\idle-node-burst-matrix-20260807-181942\roslyn\block-004\attempt-01\AUTO-H\benchmark\coordinator-priority-r1\high1\high1.binlog"
"roslyn","4","1","False","AUTO-N","normal1","normal","Normal","66.89","2026-08-08T00:14:33.7426729Z","2026-08-08T00:15:40.6296607Z","2026-08-08T00:14:34.5148127Z","0.7721398","4","C:\perf\results\idle-node-burst-matrix-20260807-181942\roslyn\block-004\attempt-01\AUTO-N\benchmark\coordinator-all-normal-r1\normal1\normal1.binlog"
"roslyn","4","1","False","AUTO-N","normal2","normal","Normal","172.45","2026-08-08T00:14:33.7549060Z","2026-08-08T00:17:26.2080979Z","2026-08-08T00:16:12.5761445Z","98.8212385","4","C:\perf\results\idle-node-burst-matrix-20260807-181942\roslyn\block-004\attempt-01\AUTO-N\benchmark\coordinator-all-normal-r1\normal2\normal2.binlog"
"roslyn","4","1","False","AUTO-N","normal3","normal","Normal","147.57","2026-08-08T00:14:33.7682913Z","2026-08-08T00:17:01.3373695Z","2026-08-08T00:15:40.6225798Z","66.8542885","4","C:\perf\results\idle-node-burst-matrix-20260807-181942\roslyn\block-004\attempt-01\AUTO-N\benchmark\coordinator-all-normal-r1\normal3\normal3.binlog"
"roslyn","4","1","False","AUTO-N","normal4","normal","Normal","98.81","2026-08-08T00:14:33.7825089Z","2026-08-08T00:16:12.5917514Z","2026-08-08T00:14:34.5147588Z","0.7322499","8","C:\perf\results\idle-node-burst-matrix-20260807-181942\roslyn\block-004\attempt-01\AUTO-N\benchmark\coordinator-all-normal-r1\normal4\normal4.binlog"
"roslyn","4","1","False","AUTO-N","high1","high","Normal","151.85","2026-08-08T00:14:49.1880789Z","2026-08-08T00:17:21.0392788Z","2026-08-08T00:16:12.5776950Z","83.3896161","4","C:\perf\results\idle-node-burst-matrix-20260807-181942\roslyn\block-004\attempt-01\AUTO-N\benchmark\coordinator-all-normal-r1\high1\high1.binlog"
"roslyn","4","1","False","F4-H","normal1","normal","Normal","160.44","2026-08-08T00:05:35.6971220Z","2026-08-08T00:08:16.1391169Z","2026-08-08T00:07:14.9305097Z","99.2333877","4","C:\perf\results\idle-node-burst-matrix-20260807-181942\roslyn\block-004\attempt-01\F4-H\benchmark\coordinator-priority-r1\normal1\normal1.binlog"
"roslyn","4","1","False","F4-H","normal2","normal","Normal","114.2","2026-08-08T00:05:35.7097308Z","2026-08-08T00:07:29.9062808Z","2026-08-08T00:05:36.4806159Z","0.7708851","4","C:\perf\results\idle-node-burst-matrix-20260807-181942\roslyn\block-004\attempt-01\F4-H\benchmark\coordinator-priority-r1\normal2\normal2.binlog"
"roslyn","4","1","False","F4-H","normal3","normal","Normal","99.22","2026-08-08T00:05:35.7223030Z","2026-08-08T00:07:14.9470199Z","2026-08-08T00:05:36.4806980Z","0.758395","4","C:\perf\results\idle-node-burst-matrix-20260807-181942\roslyn\block-004\attempt-01\F4-H\benchmark\coordinator-priority-r1\normal3\normal3.binlog"
"roslyn","4","1","False","F4-H","normal4","normal","Normal","121.97","2026-08-08T00:05:35.7376222Z","2026-08-08T00:07:37.7099852Z","2026-08-08T00:05:36.4806635Z","0.7430413","4","C:\perf\results\idle-node-burst-matrix-20260807-181942\roslyn\block-004\attempt-01\F4-H\benchmark\coordinator-priority-r1\normal4\normal4.binlog"
"roslyn","4","1","False","F4-H","high1","high","High","133.43","2026-08-08T00:05:51.2125767Z","2026-08-08T00:08:04.6446244Z","2026-08-08T00:06:01.2141114Z","10.0015347","4","C:\perf\results\idle-node-burst-matrix-20260807-181942\roslyn\block-004\attempt-01\F4-H\benchmark\coordinator-priority-r1\high1\high1.binlog"
"roslyn","4","1","False","F4-N","normal1","normal","Normal","75.57","2026-08-08T00:19:02.8676472Z","2026-08-08T00:20:18.4329274Z","2026-08-08T00:19:03.6670592Z","0.799412","4","C:\perf\results\idle-node-burst-matrix-20260807-181942\roslyn\block-004\attempt-01\F4-N\benchmark\coordinator-all-normal-r1\normal1\normal1.binlog"
"roslyn","4","1","False","F4-N","normal2","normal","Normal","128.25","2026-08-08T00:19:02.8832059Z","2026-08-08T00:21:11.1301328Z","2026-08-08T00:19:03.6669408Z","0.7837349","4","C:\perf\results\idle-node-burst-matrix-20260807-181942\roslyn\block-004\attempt-01\F4-N\benchmark\coordinator-all-normal-r1\normal2\normal2.binlog"
"roslyn","4","1","False","F4-N","normal3","normal","Normal","145.33","2026-08-08T00:19:02.8961144Z","2026-08-08T00:21:28.2299416Z","2026-08-08T00:20:18.4196107Z","75.5234963","4","C:\perf\results\idle-node-burst-matrix-20260807-181942\roslyn\block-004\attempt-01\F4-N\benchmark\coordinator-all-normal-r1\normal3\normal3.binlog"
"roslyn","4","1","False","F4-N","normal4","normal","Normal","94.46","2026-08-08T00:19:02.9112842Z","2026-08-08T00:20:37.3691106Z","2026-08-08T00:19:03.6668865Z","0.7556023","4","C:\perf\results\idle-node-burst-matrix-20260807-181942\roslyn\block-004\attempt-01\F4-N\benchmark\coordinator-all-normal-r1\normal4\normal4.binlog"
"roslyn","4","1","False","F4-N","high1","high","Normal","139.22","2026-08-08T00:19:18.3146652Z","2026-08-08T00:21:37.5368272Z","2026-08-08T00:20:37.3219854Z","79.0073202","4","C:\perf\results\idle-node-burst-matrix-20260807-181942\roslyn\block-004\attempt-01\F4-N\benchmark\coordinator-all-normal-r1\high1\high1.binlog"
"roslyn","5","1","False","AUTO-H","normal1","normal","Normal","169.97","2026-08-08T00:23:24.3653644Z","2026-08-08T00:26:14.3337674Z","2026-08-08T00:25:20.0093829Z","115.6440185","4","C:\perf\results\idle-node-burst-matrix-20260807-181942\roslyn\block-005\attempt-01\AUTO-H\benchmark\coordinator-priority-r1\normal1\normal1.binlog"
"roslyn","5","1","False","AUTO-H","normal2","normal","Normal","115.65","2026-08-08T00:23:24.3773653Z","2026-08-08T00:25:20.0235195Z","2026-08-08T00:23:25.1532042Z","0.7758389","8","C:\perf\results\idle-node-burst-matrix-20260807-181942\roslyn\block-005\attempt-01\AUTO-H\benchmark\coordinator-priority-r1\normal2\normal2.binlog"
"roslyn","5","1","False","AUTO-H","normal3","normal","Normal","85.83","2026-08-08T00:23:24.3894579Z","2026-08-08T00:24:50.2158350Z","2026-08-08T00:23:25.1533899Z","0.763932","4","C:\perf\results\idle-node-burst-matrix-20260807-181942\roslyn\block-005\attempt-01\AUTO-H\benchmark\coordinator-priority-r1\normal3\normal3.binlog"
"roslyn","5","1","False","AUTO-H","normal4","normal","Normal","149.64","2026-08-08T00:23:24.4022508Z","2026-08-08T00:25:54.0454412Z","2026-08-08T00:24:50.2079232Z","85.8056724","4","C:\perf\results\idle-node-burst-matrix-20260807-181942\roslyn\block-005\attempt-01\AUTO-H\benchmark\coordinator-priority-r1\normal4\normal4.binlog"
"roslyn","5","1","False","AUTO-H","high1","high","High","87.95","2026-08-08T00:23:39.8799428Z","2026-08-08T00:25:07.8324485Z","2026-08-08T00:23:46.9235385Z","7.0435957","4","C:\perf\results\idle-node-burst-matrix-20260807-181942\roslyn\block-005\attempt-01\AUTO-H\benchmark\coordinator-priority-r1\high1\high1.binlog"
"roslyn","5","1","False","AUTO-N","normal1","normal","Normal","68.93","2026-08-08T00:36:31.8564035Z","2026-08-08T00:37:40.7852442Z","2026-08-08T00:36:32.6472774Z","0.7908739","4","C:\perf\results\idle-node-burst-matrix-20260807-181942\roslyn\block-005\attempt-01\AUTO-N\benchmark\coordinator-all-normal-r1\normal1\normal1.binlog"
"roslyn","5","1","False","AUTO-N","normal2","normal","Normal","183.77","2026-08-08T00:36:31.8709844Z","2026-08-08T00:39:35.6459005Z","2026-08-08T00:38:17.9103191Z","106.0393347","4","C:\perf\results\idle-node-burst-matrix-20260807-181942\roslyn\block-005\attempt-01\AUTO-N\benchmark\coordinator-all-normal-r1\normal2\normal2.binlog"
"roslyn","5","1","False","AUTO-N","normal3","normal","Normal","106.04","2026-08-08T00:36:31.8879869Z","2026-08-08T00:38:17.9304449Z","2026-08-08T00:36:32.6470614Z","0.7590745","8","C:\perf\results\idle-node-burst-matrix-20260807-181942\roslyn\block-005\attempt-01\AUTO-N\benchmark\coordinator-all-normal-r1\normal3\normal3.binlog"
"roslyn","5","1","False","AUTO-N","normal4","normal","Normal","158.56","2026-08-08T00:36:31.9017326Z","2026-08-08T00:39:10.4572966Z","2026-08-08T00:37:40.7773179Z","68.8755853","4","C:\perf\results\idle-node-burst-matrix-20260807-181942\roslyn\block-005\attempt-01\AUTO-N\benchmark\coordinator-all-normal-r1\normal4\normal4.binlog"
"roslyn","5","1","False","AUTO-N","high1","high","Normal","167.32","2026-08-08T00:36:47.3075478Z","2026-08-08T00:39:34.6281531Z","2026-08-08T00:38:17.9121479Z","90.6046001","4","C:\perf\results\idle-node-burst-matrix-20260807-181942\roslyn\block-005\attempt-01\AUTO-N\benchmark\coordinator-all-normal-r1\high1\high1.binlog"
"roslyn","5","1","False","F4-H","normal1","normal","Normal","107.05","2026-08-08T00:32:12.5333873Z","2026-08-08T00:33:59.5835741Z","2026-08-08T00:32:13.3468330Z","0.8134457","4","C:\perf\results\idle-node-burst-matrix-20260807-181942\roslyn\block-005\attempt-01\F4-H\benchmark\coordinator-priority-r1\normal1\normal1.binlog"
"roslyn","5","1","False","F4-H","normal2","normal","Normal","106.11","2026-08-08T00:32:12.5458087Z","2026-08-08T00:33:58.6603073Z","2026-08-08T00:32:13.3468271Z","0.8010184","4","C:\perf\results\idle-node-burst-matrix-20260807-181942\roslyn\block-005\attempt-01\F4-H\benchmark\coordinator-priority-r1\normal2\normal2.binlog"
"roslyn","5","1","False","F4-H","normal3","normal","Normal","108.19","2026-08-08T00:32:12.5593809Z","2026-08-08T00:34:00.7479570Z","2026-08-08T00:32:13.3467432Z","0.7873623","4","C:\perf\results\idle-node-burst-matrix-20260807-181942\roslyn\block-005\attempt-01\F4-H\benchmark\coordinator-priority-r1\normal3\normal3.binlog"
"roslyn","5","1","False","F4-H","normal4","normal","Normal","163.36","2026-08-08T00:32:12.5778660Z","2026-08-08T00:34:55.9405769Z","2026-08-08T00:33:58.6610064Z","106.0831404","4","C:\perf\results\idle-node-burst-matrix-20260807-181942\roslyn\block-005\attempt-01\F4-H\benchmark\coordinator-priority-r1\normal4\normal4.binlog"
"roslyn","5","1","False","F4-H","high1","high","High","134.16","2026-08-08T00:32:28.1220774Z","2026-08-08T00:34:42.2849929Z","2026-08-08T00:32:37.8703121Z","9.7482347","4","C:\perf\results\idle-node-burst-matrix-20260807-181942\roslyn\block-005\attempt-01\F4-H\benchmark\coordinator-priority-r1\high1\high1.binlog"
"roslyn","5","1","False","F4-N","normal1","normal","Normal","86.38","2026-08-08T00:27:53.2879793Z","2026-08-08T00:29:19.6638458Z","2026-08-08T00:27:54.0628475Z","0.7748682","4","C:\perf\results\idle-node-burst-matrix-20260807-181942\roslyn\block-005\attempt-01\F4-N\benchmark\coordinator-all-normal-r1\normal1\normal1.binlog"
"roslyn","5","1","False","F4-N","normal2","normal","Normal","88.07","2026-08-08T00:27:53.3007611Z","2026-08-08T00:29:21.3688749Z","2026-08-08T00:27:54.0628475Z","0.7620864","4","C:\perf\results\idle-node-burst-matrix-20260807-181942\roslyn\block-005\attempt-01\F4-N\benchmark\coordinator-all-normal-r1\normal2\normal2.binlog"
"roslyn","5","1","False","F4-N","normal3","normal","Normal","159.69","2026-08-08T00:27:53.3123910Z","2026-08-08T00:30:33.0019250Z","2026-08-08T00:29:19.6210667Z","86.3086757","4","C:\perf\results\idle-node-burst-matrix-20260807-181942\roslyn\block-005\attempt-01\F4-N\benchmark\coordinator-all-normal-r1\normal3\normal3.binlog"
"roslyn","5","1","False","F4-N","normal4","normal","Normal","94.92","2026-08-08T00:27:53.3260940Z","2026-08-08T00:29:28.2462579Z","2026-08-08T00:27:54.0628100Z","0.736716","4","C:\perf\results\idle-node-burst-matrix-20260807-181942\roslyn\block-005\attempt-01\F4-N\benchmark\coordinator-all-normal-r1\normal4\normal4.binlog"
"roslyn","5","1","False","F4-N","high1","high","Normal","143.28","2026-08-08T00:28:08.7825681Z","2026-08-08T00:30:32.0603063Z","2026-08-08T00:29:21.3498873Z","72.5673192","4","C:\perf\results\idle-node-burst-matrix-20260807-181942\roslyn\block-005\attempt-01\F4-N\benchmark\coordinator-all-normal-r1\high1\high1.binlog"
