"Repository","Workload","BlockNumber","AnalysisBlockNumber","IsWarmup","AttemptNumber","OrderIndex","ConditionKey","CandidateDurationSec","SingleBuildDurationSec","AverageNormalDurationSec","TotalWallSec","CandidateOffsetSec","MaximumTelemetryGapSec","MaximumSystemCounterGapSec","SystemGapWarningThresholdSec","SystemGapHardThresholdSec","SystemGapWarningCount","SystemGapWarningMaximumSec","MaximumProcessSnapshotGapSec","MaximumProbeGapSec","PeakCommittedDeltaMB","ProcessorQueueP95","ProbeP95Ms","DescendantPeakWorkingSetMB","DescendantPeakPrivateMB","DescendantPeakProcessCount","ExternalNoisePeakWorkingSetMB","ExternalNoisePeakProcessCount","Binlogs","RunsCsv","SystemCsv","ProcessesCsv","ProbesCsv"
"roslyn","solution-propagated","1","0","True","1","1","AUTO-H","89.86",,"150","200.44","15.49","2.1573029","2.1573029","5","30","0",,"5.0368409","5.0446031","4176.66015625","105","1412.292","4920.78125","3571.72265625","43","1237.109375","8","C:\perf\results\idle-node-burst-matrix-20260807-181942\roslyn\block-001\attempt-01\AUTO-H\benchmark\coordinator-priority-r1\normal1\normal1.binlog;C:\perf\results\idle-node-burst-matrix-20260807-181942\roslyn\block-001\attempt-01\AUTO-H\benchmark\coordinator-priority-r1\normal2\normal2.binlog;C:\perf\results\idle-node-burst-matrix-20260807-181942\roslyn\block-001\attempt-01\AUTO-H\benchmark\coordinator-priority-r1\normal3\normal3.binlog;C:\perf\results\idle-node-burst-matrix-20260807-181942\roslyn\block-001\attempt-01\AUTO-H\benchmark\coordinator-priority-r1\normal4\normal4.binlog;C:\perf\results\idle-node-burst-matrix-20260807-181942\roslyn\block-001\attempt-01\AUTO-H\benchmark\coordinator-priority-r1\high1\high1.binlog","C:\perf\results\idle-node-burst-matrix-20260807-181942\roslyn\block-001\attempt-01\AUTO-H\benchmark\coordinator-priority-r1\runs.csv","C:\perf\results\idle-node-burst-matrix-20260807-181942\roslyn\block-001\attempt-01\AUTO-H\monitor\system.csv","C:\perf\results\idle-node-burst-matrix-20260807-181942\roslyn\block-001\attempt-01\AUTO-H\monitor\processes.csv","C:\perf\results\idle-node-burst-matrix-20260807-181942\roslyn\block-001\attempt-01\AUTO-H\monitor\probes.csv"
"roslyn","solution-propagated","1","0","True","1","2","F4-N","130.72",,"109.63","149.06","15.44","2.3842922","2.3842922","5","30","0",,"5.0554404","5.074055","4700.515625","140","2094.09","5613.98828125","4398.6328125","36","1210.7578125","8","C:\perf\results\idle-node-burst-matrix-20260807-181942\roslyn\block-001\attempt-01\F4-N\benchmark\coordinator-all-normal-r1\normal1\normal1.binlog;C:\perf\results\idle-node-burst-matrix-20260807-181942\roslyn\block-001\attempt-01\F4-N\benchmark\coordinator-all-normal-r1\normal2\normal2.binlog;C:\perf\results\idle-node-burst-matrix-20260807-181942\roslyn\block-001\attempt-01\F4-N\benchmark\coordinator-all-normal-r1\normal3\normal3.binlog;C:\perf\results\idle-node-burst-matrix-20260807-181942\roslyn\block-001\attempt-01\F4-N\benchmark\coordinator-all-normal-r1\normal4\normal4.binlog;C:\perf\results\idle-node-burst-matrix-20260807-181942\roslyn\block-001\attempt-01\F4-N\benchmark\coordinator-all-normal-r1\high1\high1.binlog","C:\perf\results\idle-node-burst-matrix-20260807-181942\roslyn\block-001\attempt-01\F4-N\benchmark\coordinator-all-normal-r1\runs.csv","C:\perf\results\idle-node-burst-matrix-20260807-181942\roslyn\block-001\attempt-01\F4-N\monitor\system.csv","C:\perf\results\idle-node-burst-matrix-20260807-181942\roslyn\block-001\attempt-01\F4-N\monitor\processes.csv","C:\perf\results\idle-node-burst-matrix-20260807-181942\roslyn\block-001\attempt-01\F4-N\monitor\probes.csv"
"roslyn","solution-propagated","1","0","True","1","3","F4-H","134.5",,"121.55","165.52","15.41","3.6067227","3.6067227","5","30","0",,"5.1303826","5.1266283","5347.27734375","153","4116.096","6225.08203125","4855.7109375","45","1238.484375","10","C:\perf\results\idle-node-burst-matrix-20260807-181942\roslyn\block-001\attempt-01\F4-H\benchmark\coordinator-priority-r1\normal1\normal1.binlog;C:\perf\results\idle-node-burst-matrix-20260807-181942\roslyn\block-001\attempt-01\F4-H\benchmark\coordinator-priority-r1\normal2\normal2.binlog;C:\perf\results\idle-node-burst-matrix-20260807-181942\roslyn\block-001\attempt-01\F4-H\benchmark\coordinator-priority-r1\normal3\normal3.binlog;C:\perf\results\idle-node-burst-matrix-20260807-181942\roslyn\block-001\attempt-01\F4-H\benchmark\coordinator-priority-r1\normal4\normal4.binlog;C:\perf\results\idle-node-burst-matrix-20260807-181942\roslyn\block-001\attempt-01\F4-H\benchmark\coordinator-priority-r1\high1\high1.binlog","C:\perf\results\idle-node-burst-matrix-20260807-181942\roslyn\block-001\attempt-01\F4-H\benchmark\coordinator-priority-r1\runs.csv","C:\perf\results\idle-node-burst-matrix-20260807-181942\roslyn\block-001\attempt-01\F4-H\monitor\system.csv","C:\perf\results\idle-node-burst-matrix-20260807-181942\roslyn\block-001\attempt-01\F4-H\monitor\processes.csv","C:\perf\results\idle-node-burst-matrix-20260807-181942\roslyn\block-001\attempt-01\F4-H\monitor\probes.csv"
"roslyn","solution-propagated","1","0","True","1","4","AUTO-N","160.78",,"125.32","178.62","15.44","2.3150811","2.3150811","5","30","0",,"5.0522766","5.0651102","4176.04296875","111","1744.242","4929.3046875","3882.83203125","35","1237.18359375","10","C:\perf\results\idle-node-burst-matrix-20260807-181942\roslyn\block-001\attempt-01\AUTO-N\benchmark\coordinator-all-normal-r1\normal1\normal1.binlog;C:\perf\results\idle-node-burst-matrix-20260807-181942\roslyn\block-001\attempt-01\AUTO-N\benchmark\coordinator-all-normal-r1\normal2\normal2.binlog;C:\perf\results\idle-node-burst-matrix-20260807-181942\roslyn\block-001\attempt-01\AUTO-N\benchmark\coordinator-all-normal-r1\normal3\normal3.binlog;C:\perf\results\idle-node-burst-matrix-20260807-181942\roslyn\block-001\attempt-01\AUTO-N\benchmark\coordinator-all-normal-r1\normal4\normal4.binlog;C:\perf\results\idle-node-burst-matrix-20260807-181942\roslyn\block-001\attempt-01\AUTO-N\benchmark\coordinator-all-normal-r1\high1\high1.binlog","C:\perf\results\idle-node-burst-matrix-20260807-181942\roslyn\block-001\attempt-01\AUTO-N\benchmark\coordinator-all-normal-r1\runs.csv","C:\perf\results\idle-node-burst-matrix-20260807-181942\roslyn\block-001\attempt-01\AUTO-N\monitor\system.csv","C:\perf\results\idle-node-burst-matrix-20260807-181942\roslyn\block-001\attempt-01\AUTO-N\monitor\processes.csv","C:\perf\results\idle-node-burst-matrix-20260807-181942\roslyn\block-001\attempt-01\AUTO-N\monitor\probes.csv"
"roslyn","solution-propagated","2","1","False","1","1","F4-N","143.62",,"108.84","160.29","15.47","3.7658285","3.7658285","5","30","0",,"5.0575086","5.4820041","5190.2265625","162","2801.201","5949.04296875","4709.61328125","38","1258.875","10","C:\perf\results\idle-node-burst-matrix-20260807-181942\roslyn\block-002\attempt-01\F4-N\benchmark\coordinator-all-normal-r1\normal1\normal1.binlog;C:\perf\results\idle-node-burst-matrix-20260807-181942\roslyn\block-002\attempt-01\F4-N\benchmark\coordinator-all-normal-r1\normal2\normal2.binlog;C:\perf\results\idle-node-burst-matrix-20260807-181942\roslyn\block-002\attempt-01\F4-N\benchmark\coordinator-all-normal-r1\normal3\normal3.binlog;C:\perf\results\idle-node-burst-matrix-20260807-181942\roslyn\block-002\attempt-01\F4-N\benchmark\coordinator-all-normal-r1\normal4\normal4.binlog;C:\perf\results\idle-node-burst-matrix-20260807-181942\roslyn\block-002\attempt-01\F4-N\benchmark\coordinator-all-normal-r1\high1\high1.binlog","C:\perf\results\idle-node-burst-matrix-20260807-181942\roslyn\block-002\attempt-01\F4-N\benchmark\coordinator-all-normal-r1\runs.csv","C:\perf\results\idle-node-burst-matrix-20260807-181942\roslyn\block-002\attempt-01\F4-N\monitor\system.csv","C:\perf\results\idle-node-burst-matrix-20260807-181942\roslyn\block-002\attempt-01\F4-N\monitor\processes.csv","C:\perf\results\idle-node-burst-matrix-20260807-181942\roslyn\block-002\attempt-01\F4-N\monitor\probes.csv"
"roslyn","solution-propagated","2","1","False","1","2","AUTO-N","163.06",,"125.47","178.51","15.45","2.6705785","2.6705785","5","30","0",,"5.0430515","5.037662","4073.6171875","118","2368.911","4732.9375","3633.1484375","34","1234.23828125","8","C:\perf\results\idle-node-burst-matrix-20260807-181942\roslyn\block-002\attempt-01\AUTO-N\benchmark\coordinator-all-normal-r1\normal1\normal1.binlog;C:\perf\results\idle-node-burst-matrix-20260807-181942\roslyn\block-002\attempt-01\AUTO-N\benchmark\coordinator-all-normal-r1\normal2\normal2.binlog;C:\perf\results\idle-node-burst-matrix-20260807-181942\roslyn\block-002\attempt-01\AUTO-N\benchmark\coordinator-all-normal-r1\normal3\normal3.binlog;C:\perf\results\idle-node-burst-matrix-20260807-181942\roslyn\block-002\attempt-01\AUTO-N\benchmark\coordinator-all-normal-r1\normal4\normal4.binlog;C:\perf\results\idle-node-burst-matrix-20260807-181942\roslyn\block-002\attempt-01\AUTO-N\benchmark\coordinator-all-normal-r1\high1\high1.binlog","C:\perf\results\idle-node-burst-matrix-20260807-181942\roslyn\block-002\attempt-01\AUTO-N\benchmark\coordinator-all-normal-r1\runs.csv","C:\perf\results\idle-node-burst-matrix-20260807-181942\roslyn\block-002\attempt-01\AUTO-N\monitor\system.csv","C:\perf\results\idle-node-burst-matrix-20260807-181942\roslyn\block-002\attempt-01\AUTO-N\monitor\processes.csv","C:\perf\results\idle-node-burst-matrix-20260807-181942\roslyn\block-002\attempt-01\AUTO-N\monitor\probes.csv"
"roslyn","solution-propagated","2","1","False","1","3","AUTO-H","88.46",,"132.76","175.96","15.41","2.2336263","2.2336263","5","30","0",,"5.0658629","5.071801","4258.69921875","96","1035.206","4840.02734375","3540.86328125","43","1218.4921875","8","C:\perf\results\idle-node-burst-matrix-20260807-181942\roslyn\block-002\attempt-01\AUTO-H\benchmark\coordinator-priority-r1\normal1\normal1.binlog;C:\perf\results\idle-node-burst-matrix-20260807-181942\roslyn\block-002\attempt-01\AUTO-H\benchmark\coordinator-priority-r1\normal2\normal2.binlog;C:\perf\results\idle-node-burst-matrix-20260807-181942\roslyn\block-002\attempt-01\AUTO-H\benchmark\coordinator-priority-r1\normal3\normal3.binlog;C:\perf\results\idle-node-burst-matrix-20260807-181942\roslyn\block-002\attempt-01\AUTO-H\benchmark\coordinator-priority-r1\normal4\normal4.binlog;C:\perf\results\idle-node-burst-matrix-20260807-181942\roslyn\block-002\attempt-01\AUTO-H\benchmark\coordinator-priority-r1\high1\high1.binlog","C:\perf\results\idle-node-burst-matrix-20260807-181942\roslyn\block-002\attempt-01\AUTO-H\benchmark\coordinator-priority-r1\runs.csv","C:\perf\results\idle-node-burst-matrix-20260807-181942\roslyn\block-002\attempt-01\AUTO-H\monitor\system.csv","C:\perf\results\idle-node-burst-matrix-20260807-181942\roslyn\block-002\attempt-01\AUTO-H\monitor\processes.csv","C:\perf\results\idle-node-burst-matrix-20260807-181942\roslyn\block-002\attempt-01\AUTO-H\monitor\probes.csv"
"roslyn","solution-propagated","2","1","False","1","4","F4-H","115.41",,"124.25","163.51","15.44","3.3967891","3.3967891","5","30","0",,"5.0485251","5.0443656","5663.63671875","180","2528.027","6364.34375","4959.203125","47","1242.83203125","8","C:\perf\results\idle-node-burst-matrix-20260807-181942\roslyn\block-002\attempt-01\F4-H\benchmark\coordinator-priority-r1\normal1\normal1.binlog;C:\perf\results\idle-node-burst-matrix-20260807-181942\roslyn\block-002\attempt-01\F4-H\benchmark\coordinator-priority-r1\normal2\normal2.binlog;C:\perf\results\idle-node-burst-matrix-20260807-181942\roslyn\block-002\attempt-01\F4-H\benchmark\coordinator-priority-r1\normal3\normal3.binlog;C:\perf\results\idle-node-burst-matrix-20260807-181942\roslyn\block-002\attempt-01\F4-H\benchmark\coordinator-priority-r1\normal4\normal4.binlog;C:\perf\results\idle-node-burst-matrix-20260807-181942\roslyn\block-002\attempt-01\F4-H\benchmark\coordinator-priority-r1\high1\high1.binlog","C:\perf\results\idle-node-burst-matrix-20260807-181942\roslyn\block-002\attempt-01\F4-H\benchmark\coordinator-priority-r1\runs.csv","C:\perf\results\idle-node-burst-matrix-20260807-181942\roslyn\block-002\attempt-01\F4-H\monitor\system.csv","C:\perf\results\idle-node-burst-matrix-20260807-181942\roslyn\block-002\attempt-01\F4-H\monitor\processes.csv","C:\perf\results\idle-node-burst-matrix-20260807-181942\roslyn\block-002\attempt-01\F4-H\monitor\probes.csv"
"roslyn","solution-propagated","3","2","False","1","1","AUTO-N","159.45",,"123.11","174.89","15.44","7.1695099","7.1695099","5","30","2","7.1695099","5.1268884","5.1354303","4428.19140625","86","2559.153","5196.23828125","4164.2265625","35","1237.12890625","8","C:\perf\results\idle-node-burst-matrix-20260807-181942\roslyn\block-003\attempt-01\AUTO-N\benchmark\coordinator-all-normal-r1\normal1\normal1.binlog;C:\perf\results\idle-node-burst-matrix-20260807-181942\roslyn\block-003\attempt-01\AUTO-N\benchmark\coordinator-all-normal-r1\normal2\normal2.binlog;C:\perf\results\idle-node-burst-matrix-20260807-181942\roslyn\block-003\attempt-01\AUTO-N\benchmark\coordinator-all-normal-r1\normal3\normal3.binlog;C:\perf\results\idle-node-burst-matrix-20260807-181942\roslyn\block-003\attempt-01\AUTO-N\benchmark\coordinator-all-normal-r1\normal4\normal4.binlog;C:\perf\results\idle-node-burst-matrix-20260807-181942\roslyn\block-003\attempt-01\AUTO-N\benchmark\coordinator-all-normal-r1\high1\high1.binlog","C:\perf\results\idle-node-burst-matrix-20260807-181942\roslyn\block-003\attempt-01\AUTO-N\benchmark\coordinator-all-normal-r1\runs.csv","C:\perf\results\idle-node-burst-matrix-20260807-181942\roslyn\block-003\attempt-01\AUTO-N\monitor\system.csv","C:\perf\results\idle-node-burst-matrix-20260807-181942\roslyn\block-003\attempt-01\AUTO-N\monitor\processes.csv","C:\perf\results\idle-node-burst-matrix-20260807-181942\roslyn\block-003\attempt-01\AUTO-N\monitor\probes.csv"
"roslyn","solution-propagated","3","2","False","1","2","F4-H","133.14",,"117.48","158.64","15.44","3.1525787","3.1525787","5","30","0",,"5.0665","5.0701075","5521.84375","151","3157.87","6340.91015625","5009.8359375","45","1279.0859375","10","C:\perf\results\idle-node-burst-matrix-20260807-181942\roslyn\block-003\attempt-01\F4-H\benchmark\coordinator-priority-r1\normal1\normal1.binlog;C:\perf\results\idle-node-burst-matrix-20260807-181942\roslyn\block-003\attempt-01\F4-H\benchmark\coordinator-priority-r1\normal2\normal2.binlog;C:\perf\results\idle-node-burst-matrix-20260807-181942\roslyn\block-003\attempt-01\F4-H\benchmark\coordinator-priority-r1\normal3\normal3.binlog;C:\perf\results\idle-node-burst-matrix-20260807-181942\roslyn\block-003\attempt-01\F4-H\benchmark\coordinator-priority-r1\normal4\normal4.binlog;C:\perf\results\idle-node-burst-matrix-20260807-181942\roslyn\block-003\attempt-01\F4-H\benchmark\coordinator-priority-r1\high1\high1.binlog","C:\perf\results\idle-node-burst-matrix-20260807-181942\roslyn\block-003\attempt-01\F4-H\benchmark\coordinator-priority-r1\runs.csv","C:\perf\results\idle-node-burst-matrix-20260807-181942\roslyn\block-003\attempt-01\F4-H\monitor\system.csv","C:\perf\results\idle-node-burst-matrix-20260807-181942\roslyn\block-003\attempt-01\F4-H\monitor\processes.csv","C:\perf\results\idle-node-burst-matrix-20260807-181942\roslyn\block-003\attempt-01\F4-H\monitor\probes.csv"
"roslyn","solution-propagated","3","2","False","1","3","F4-N","142.12",,"105.9","157.59","15.47","2.3444572","2.3444572","5","30","0",,"5.0386643","5.1369469","5252.0546875","166","3218.306","6978.6875","5830.37109375","49","1251.5546875","8","C:\perf\results\idle-node-burst-matrix-20260807-181942\roslyn\block-003\attempt-01\F4-N\benchmark\coordinator-all-normal-r1\normal1\normal1.binlog;C:\perf\results\idle-node-burst-matrix-20260807-181942\roslyn\block-003\attempt-01\F4-N\benchmark\coordinator-all-normal-r1\normal2\normal2.binlog;C:\perf\results\idle-node-burst-matrix-20260807-181942\roslyn\block-003\attempt-01\F4-N\benchmark\coordinator-all-normal-r1\normal3\normal3.binlog;C:\perf\results\idle-node-burst-matrix-20260807-181942\roslyn\block-003\attempt-01\F4-N\benchmark\coordinator-all-normal-r1\normal4\normal4.binlog;C:\perf\results\idle-node-burst-matrix-20260807-181942\roslyn\block-003\attempt-01\F4-N\benchmark\coordinator-all-normal-r1\high1\high1.binlog","C:\perf\results\idle-node-burst-matrix-20260807-181942\roslyn\block-003\attempt-01\F4-N\benchmark\coordinator-all-normal-r1\runs.csv","C:\perf\results\idle-node-burst-matrix-20260807-181942\roslyn\block-003\attempt-01\F4-N\monitor\system.csv","C:\perf\results\idle-node-burst-matrix-20260807-181942\roslyn\block-003\attempt-01\F4-N\monitor\processes.csv","C:\perf\results\idle-node-burst-matrix-20260807-181942\roslyn\block-003\attempt-01\F4-N\monitor\probes.csv"
"roslyn","solution-propagated","3","2","False","1","4","AUTO-H","89.92",,"131.05","175.34","15.45","2.8913551","2.8913551","5","30","0",,"5.0384397","5.0480554","4214.4140625","98","1289.116","4844.05859375","3571.73046875","43","1242.92578125","8","C:\perf\results\idle-node-burst-matrix-20260807-181942\roslyn\block-003\attempt-01\AUTO-H\benchmark\coordinator-priority-r1\normal1\normal1.binlog;C:\perf\results\idle-node-burst-matrix-20260807-181942\roslyn\block-003\attempt-01\AUTO-H\benchmark\coordinator-priority-r1\normal2\normal2.binlog;C:\perf\results\idle-node-burst-matrix-20260807-181942\roslyn\block-003\attempt-01\AUTO-H\benchmark\coordinator-priority-r1\normal3\normal3.binlog;C:\perf\results\idle-node-burst-matrix-20260807-181942\roslyn\block-003\attempt-01\AUTO-H\benchmark\coordinator-priority-r1\normal4\normal4.binlog;C:\perf\results\idle-node-burst-matrix-20260807-181942\roslyn\block-003\attempt-01\AUTO-H\benchmark\coordinator-priority-r1\high1\high1.binlog","C:\perf\results\idle-node-burst-matrix-20260807-181942\roslyn\block-003\attempt-01\AUTO-H\benchmark\coordinator-priority-r1\runs.csv","C:\perf\results\idle-node-burst-matrix-20260807-181942\roslyn\block-003\attempt-01\AUTO-H\monitor\system.csv","C:\perf\results\idle-node-burst-matrix-20260807-181942\roslyn\block-003\attempt-01\AUTO-H\monitor\processes.csv","C:\perf\results\idle-node-burst-matrix-20260807-181942\roslyn\block-003\attempt-01\AUTO-H\monitor\probes.csv"
"roslyn","solution-propagated","4","3","False","1","1","F4-H","133.43",,"123.96","160.44","15.52","2.0393974","2.0393974","5","30","0",,"5.0630923","5.05609","5424.58203125","173","2786.417","6209.6015625","4767.30078125","45","1265.9296875","8","C:\perf\results\idle-node-burst-matrix-20260807-181942\roslyn\block-004\attempt-01\F4-H\benchmark\coordinator-priority-r1\normal1\normal1.binlog;C:\perf\results\idle-node-burst-matrix-20260807-181942\roslyn\block-004\attempt-01\F4-H\benchmark\coordinator-priority-r1\normal2\normal2.binlog;C:\perf\results\idle-node-burst-matrix-20260807-181942\roslyn\block-004\attempt-01\F4-H\benchmark\coordinator-priority-r1\normal3\normal3.binlog;C:\perf\results\idle-node-burst-matrix-20260807-181942\roslyn\block-004\attempt-01\F4-H\benchmark\coordinator-priority-r1\normal4\normal4.binlog;C:\perf\results\idle-node-burst-matrix-20260807-181942\roslyn\block-004\attempt-01\F4-H\benchmark\coordinator-priority-r1\high1\high1.binlog","C:\perf\results\idle-node-burst-matrix-20260807-181942\roslyn\block-004\attempt-01\F4-H\benchmark\coordinator-priority-r1\runs.csv","C:\perf\results\idle-node-burst-matrix-20260807-181942\roslyn\block-004\attempt-01\F4-H\monitor\system.csv","C:\perf\results\idle-node-burst-matrix-20260807-181942\roslyn\block-004\attempt-01\F4-H\monitor\processes.csv","C:\perf\results\idle-node-burst-matrix-20260807-181942\roslyn\block-004\attempt-01\F4-H\monitor\probes.csv"
"roslyn","solution-propagated","4","3","False","1","2","AUTO-H","94.04",,"136.74","181.01","15.45","2.0786704","2.0786704","5","30","0",,"5.0409126","5.0371315","4325.63671875","110","1011.65","5356.71875","3932.0625","43","1291.0546875","10","C:\perf\results\idle-node-burst-matrix-20260807-181942\roslyn\block-004\attempt-01\AUTO-H\benchmark\coordinator-priority-r1\normal1\normal1.binlog;C:\perf\results\idle-node-burst-matrix-20260807-181942\roslyn\block-004\attempt-01\AUTO-H\benchmark\coordinator-priority-r1\normal2\normal2.binlog;C:\perf\results\idle-node-burst-matrix-20260807-181942\roslyn\block-004\attempt-01\AUTO-H\benchmark\coordinator-priority-r1\normal3\normal3.binlog;C:\perf\results\idle-node-burst-matrix-20260807-181942\roslyn\block-004\attempt-01\AUTO-H\benchmark\coordinator-priority-r1\normal4\normal4.binlog;C:\perf\results\idle-node-burst-matrix-20260807-181942\roslyn\block-004\attempt-01\AUTO-H\benchmark\coordinator-priority-r1\high1\high1.binlog","C:\perf\results\idle-node-burst-matrix-20260807-181942\roslyn\block-004\attempt-01\AUTO-H\benchmark\coordinator-priority-r1\runs.csv","C:\perf\results\idle-node-burst-matrix-20260807-181942\roslyn\block-004\attempt-01\AUTO-H\monitor\system.csv","C:\perf\results\idle-node-burst-matrix-20260807-181942\roslyn\block-004\attempt-01\AUTO-H\monitor\processes.csv","C:\perf\results\idle-node-burst-matrix-20260807-181942\roslyn\block-004\attempt-01\AUTO-H\monitor\probes.csv"
"roslyn","solution-propagated","4","3","False","1","3","AUTO-N","151.85",,"121.43","172.47","15.45","2.4991007","2.4991007","5","30","0",,"5.0509563","5.0528311","4239.3125","122","1528.592","4957.53125","3855.44921875","33","1254.27734375","8","C:\perf\results\idle-node-burst-matrix-20260807-181942\roslyn\block-004\attempt-01\AUTO-N\benchmark\coordinator-all-normal-r1\normal1\normal1.binlog;C:\perf\results\idle-node-burst-matrix-20260807-181942\roslyn\block-004\attempt-01\AUTO-N\benchmark\coordinator-all-normal-r1\normal2\normal2.binlog;C:\perf\results\idle-node-burst-matrix-20260807-181942\roslyn\block-004\attempt-01\AUTO-N\benchmark\coordinator-all-normal-r1\normal3\normal3.binlog;C:\perf\results\idle-node-burst-matrix-20260807-181942\roslyn\block-004\attempt-01\AUTO-N\benchmark\coordinator-all-normal-r1\normal4\normal4.binlog;C:\perf\results\idle-node-burst-matrix-20260807-181942\roslyn\block-004\attempt-01\AUTO-N\benchmark\coordinator-all-normal-r1\high1\high1.binlog","C:\perf\results\idle-node-burst-matrix-20260807-181942\roslyn\block-004\attempt-01\AUTO-N\benchmark\coordinator-all-normal-r1\runs.csv","C:\perf\results\idle-node-burst-matrix-20260807-181942\roslyn\block-004\attempt-01\AUTO-N\monitor\system.csv","C:\perf\results\idle-node-burst-matrix-20260807-181942\roslyn\block-004\attempt-01\AUTO-N\monitor\processes.csv","C:\perf\results\idle-node-burst-matrix-20260807-181942\roslyn\block-004\attempt-01\AUTO-N\monitor\probes.csv"
"roslyn","solution-propagated","4","3","False","1","4","F4-N","139.22",,"110.9","154.67","15.45","2.4501901","2.4501901","5","30","0",,"5.0464716","5.0590264","4708.09375","159","1928.809","8571.76171875","7773.265625","206","1253.64453125","8","C:\perf\results\idle-node-burst-matrix-20260807-181942\roslyn\block-004\attempt-01\F4-N\benchmark\coordinator-all-normal-r1\normal1\normal1.binlog;C:\perf\results\idle-node-burst-matrix-20260807-181942\roslyn\block-004\attempt-01\F4-N\benchmark\coordinator-all-normal-r1\normal2\normal2.binlog;C:\perf\results\idle-node-burst-matrix-20260807-181942\roslyn\block-004\attempt-01\F4-N\benchmark\coordinator-all-normal-r1\normal3\normal3.binlog;C:\perf\results\idle-node-burst-matrix-20260807-181942\roslyn\block-004\attempt-01\F4-N\benchmark\coordinator-all-normal-r1\normal4\normal4.binlog;C:\perf\results\idle-node-burst-matrix-20260807-181942\roslyn\block-004\attempt-01\F4-N\benchmark\coordinator-all-normal-r1\high1\high1.binlog","C:\perf\results\idle-node-burst-matrix-20260807-181942\roslyn\block-004\attempt-01\F4-N\benchmark\coordinator-all-normal-r1\runs.csv","C:\perf\results\idle-node-burst-matrix-20260807-181942\roslyn\block-004\attempt-01\F4-N\monitor\system.csv","C:\perf\results\idle-node-burst-matrix-20260807-181942\roslyn\block-004\attempt-01\F4-N\monitor\processes.csv","C:\perf\results\idle-node-burst-matrix-20260807-181942\roslyn\block-004\attempt-01\F4-N\monitor\probes.csv"
"roslyn","solution-propagated","5","4","False","1","1","AUTO-H","87.95",,"130.27","169.97","15.52","1.7362965","1.7362965","5","30","0",,"5.0447092","5.0362198","4415.99609375","99","1003.965","5435.71875","4029.68359375","43","1289.0703125","10","C:\perf\results\idle-node-burst-matrix-20260807-181942\roslyn\block-005\attempt-01\AUTO-H\benchmark\coordinator-priority-r1\normal1\normal1.binlog;C:\perf\results\idle-node-burst-matrix-20260807-181942\roslyn\block-005\attempt-01\AUTO-H\benchmark\coordinator-priority-r1\normal2\normal2.binlog;C:\perf\results\idle-node-burst-matrix-20260807-181942\roslyn\block-005\attempt-01\AUTO-H\benchmark\coordinator-priority-r1\normal3\normal3.binlog;C:\perf\results\idle-node-burst-matrix-20260807-181942\roslyn\block-005\attempt-01\AUTO-H\benchmark\coordinator-priority-r1\normal4\normal4.binlog;C:\perf\results\idle-node-burst-matrix-20260807-181942\roslyn\block-005\attempt-01\AUTO-H\benchmark\coordinator-priority-r1\high1\high1.binlog","C:\perf\results\idle-node-burst-matrix-20260807-181942\roslyn\block-005\attempt-01\AUTO-H\benchmark\coordinator-priority-r1\runs.csv","C:\perf\results\idle-node-burst-matrix-20260807-181942\roslyn\block-005\attempt-01\AUTO-H\monitor\system.csv","C:\perf\results\idle-node-burst-matrix-20260807-181942\roslyn\block-005\attempt-01\AUTO-H\monitor\processes.csv","C:\perf\results\idle-node-burst-matrix-20260807-181942\roslyn\block-005\attempt-01\AUTO-H\monitor\probes.csv"
"roslyn","solution-propagated","5","4","False","1","2","F4-N","143.28",,"107.26","159.72","15.5","2.570214","2.570214","5","30","0",,"5.067817","5.0624194","5349.5546875","153","3080.83","5981.42578125","4706.4453125","37","1287.9921875","8","C:\perf\results\idle-node-burst-matrix-20260807-181942\roslyn\block-005\attempt-01\F4-N\benchmark\coordinator-all-normal-r1\normal1\normal1.binlog;C:\perf\results\idle-node-burst-matrix-20260807-181942\roslyn\block-005\attempt-01\F4-N\benchmark\coordinator-all-normal-r1\normal2\normal2.binlog;C:\perf\results\idle-node-burst-matrix-20260807-181942\roslyn\block-005\attempt-01\F4-N\benchmark\coordinator-all-normal-r1\normal3\normal3.binlog;C:\perf\results\idle-node-burst-matrix-20260807-181942\roslyn\block-005\attempt-01\F4-N\benchmark\coordinator-all-normal-r1\normal4\normal4.binlog;C:\perf\results\idle-node-burst-matrix-20260807-181942\roslyn\block-005\attempt-01\F4-N\benchmark\coordinator-all-normal-r1\high1\high1.binlog","C:\perf\results\idle-node-burst-matrix-20260807-181942\roslyn\block-005\attempt-01\F4-N\benchmark\coordinator-all-normal-r1\runs.csv","C:\perf\results\idle-node-burst-matrix-20260807-181942\roslyn\block-005\attempt-01\F4-N\monitor\system.csv","C:\perf\results\idle-node-burst-matrix-20260807-181942\roslyn\block-005\attempt-01\F4-N\monitor\processes.csv","C:\perf\results\idle-node-burst-matrix-20260807-181942\roslyn\block-005\attempt-01\F4-N\monitor\probes.csv"
"roslyn","solution-propagated","5","4","False","1","3","F4-H","134.16",,"121.18","163.41","15.59","2.9331108","2.9331108","5","30","0",,"5.0544456","5.0539786","5639.24609375","146","2203.299","6294.17578125","4795.13671875","45","1271.49609375","8","C:\perf\results\idle-node-burst-matrix-20260807-181942\roslyn\block-005\attempt-01\F4-H\benchmark\coordinator-priority-r1\normal1\normal1.binlog;C:\perf\results\idle-node-burst-matrix-20260807-181942\roslyn\block-005\attempt-01\F4-H\benchmark\coordinator-priority-r1\normal2\normal2.binlog;C:\perf\results\idle-node-burst-matrix-20260807-181942\roslyn\block-005\attempt-01\F4-H\benchmark\coordinator-priority-r1\normal3\normal3.binlog;C:\perf\results\idle-node-burst-matrix-20260807-181942\roslyn\block-005\attempt-01\F4-H\benchmark\coordinator-priority-r1\normal4\normal4.binlog;C:\perf\results\idle-node-burst-matrix-20260807-181942\roslyn\block-005\attempt-01\F4-H\benchmark\coordinator-priority-r1\high1\high1.binlog","C:\perf\results\idle-node-burst-matrix-20260807-181942\roslyn\block-005\attempt-01\F4-H\benchmark\coordinator-priority-r1\runs.csv","C:\perf\results\idle-node-burst-matrix-20260807-181942\roslyn\block-005\attempt-01\F4-H\monitor\system.csv","C:\perf\results\idle-node-burst-matrix-20260807-181942\roslyn\block-005\attempt-01\F4-H\monitor\processes.csv","C:\perf\results\idle-node-burst-matrix-20260807-181942\roslyn\block-005\attempt-01\F4-H\monitor\probes.csv"
"roslyn","solution-propagated","5","4","False","1","4","AUTO-N","167.32",,"129.32","183.79","15.46","2.1336612","2.1336612","5","30","0",,"5.0462904","5.0652618","4299.5078125","120","2046.563","4964.12890625","3927.48828125","33","1281.80859375","8","C:\perf\results\idle-node-burst-matrix-20260807-181942\roslyn\block-005\attempt-01\AUTO-N\benchmark\coordinator-all-normal-r1\normal1\normal1.binlog;C:\perf\results\idle-node-burst-matrix-20260807-181942\roslyn\block-005\attempt-01\AUTO-N\benchmark\coordinator-all-normal-r1\normal2\normal2.binlog;C:\perf\results\idle-node-burst-matrix-20260807-181942\roslyn\block-005\attempt-01\AUTO-N\benchmark\coordinator-all-normal-r1\normal3\normal3.binlog;C:\perf\results\idle-node-burst-matrix-20260807-181942\roslyn\block-005\attempt-01\AUTO-N\benchmark\coordinator-all-normal-r1\normal4\normal4.binlog;C:\perf\results\idle-node-burst-matrix-20260807-181942\roslyn\block-005\attempt-01\AUTO-N\benchmark\coordinator-all-normal-r1\high1\high1.binlog","C:\perf\results\idle-node-burst-matrix-20260807-181942\roslyn\block-005\attempt-01\AUTO-N\benchmark\coordinator-all-normal-r1\runs.csv","C:\perf\results\idle-node-burst-matrix-20260807-181942\roslyn\block-005\attempt-01\AUTO-N\monitor\system.csv","C:\perf\results\idle-node-burst-matrix-20260807-181942\roslyn\block-005\attempt-01\AUTO-N\monitor\processes.csv","C:\perf\results\idle-node-burst-matrix-20260807-181942\roslyn\block-005\attempt-01\AUTO-N\monitor\probes.csv"
"aspire","solution-propagated","1","0","True","1","1","AUTO-H","99.87",,"115.15","145.56","15.39","2.0330487","2.0330487","5","30","0",,"5.0449329","5.0391749","3222.1640625","121","1071.751","4116.69140625","2655.9609375","40","1290.453125","8","C:\perf\results\idle-node-burst-matrix-20260807-181942\aspire\block-001\attempt-01\AUTO-H\benchmark\coordinator-priority-r1\normal1\normal1.binlog;C:\perf\results\idle-node-burst-matrix-20260807-181942\aspire\block-001\attempt-01\AUTO-H\benchmark\coordinator-priority-r1\normal2\normal2.binlog;C:\perf\results\idle-node-burst-matrix-20260807-181942\aspire\block-001\attempt-01\AUTO-H\benchmark\coordinator-priority-r1\normal3\normal3.binlog;C:\perf\results\idle-node-burst-matrix-20260807-181942\aspire\block-001\attempt-01\AUTO-H\benchmark\coordinator-priority-r1\normal4\normal4.binlog;C:\perf\results\idle-node-burst-matrix-20260807-181942\aspire\block-001\attempt-01\AUTO-H\benchmark\coordinator-priority-r1\high1\high1.binlog","C:\perf\results\idle-node-burst-matrix-20260807-181942\aspire\block-001\attempt-01\AUTO-H\benchmark\coordinator-priority-r1\runs.csv","C:\perf\results\idle-node-burst-matrix-20260807-181942\aspire\block-001\attempt-01\AUTO-H\monitor\system.csv","C:\perf\results\idle-node-burst-matrix-20260807-181942\aspire\block-001\attempt-01\AUTO-H\monitor\processes.csv","C:\perf\results\idle-node-burst-matrix-20260807-181942\aspire\block-001\attempt-01\AUTO-H\monitor\probes.csv"
"aspire","solution-propagated","1","0","True","1","2","F4-N","119.55",,"92.18","134.88","15.33","4.4622958","4.4622958","5","30","0",,"5.040285","5.0460526","3613.1796875","146","1567.332","4483.4140625","3286.26953125","31","1268.86328125","8","C:\perf\results\idle-node-burst-matrix-20260807-181942\aspire\block-001\attempt-01\F4-N\benchmark\coordinator-all-normal-r1\normal1\normal1.binlog;C:\perf\results\idle-node-burst-matrix-20260807-181942\aspire\block-001\attempt-01\F4-N\benchmark\coordinator-all-normal-r1\normal2\normal2.binlog;C:\perf\results\idle-node-burst-matrix-20260807-181942\aspire\block-001\attempt-01\F4-N\benchmark\coordinator-all-normal-r1\normal3\normal3.binlog;C:\perf\results\idle-node-burst-matrix-20260807-181942\aspire\block-001\attempt-01\F4-N\benchmark\coordinator-all-normal-r1\normal4\normal4.binlog;C:\perf\results\idle-node-burst-matrix-20260807-181942\aspire\block-001\attempt-01\F4-N\benchmark\coordinator-all-normal-r1\high1\high1.binlog","C:\perf\results\idle-node-burst-matrix-20260807-181942\aspire\block-001\attempt-01\F4-N\benchmark\coordinator-all-normal-r1\runs.csv","C:\perf\results\idle-node-burst-matrix-20260807-181942\aspire\block-001\attempt-01\F4-N\monitor\system.csv","C:\perf\results\idle-node-burst-matrix-20260807-181942\aspire\block-001\attempt-01\F4-N\monitor\processes.csv","C:\perf\results\idle-node-burst-matrix-20260807-181942\aspire\block-001\attempt-01\F4-N\monitor\probes.csv"
"aspire","solution-propagated","1","0","True","1","3","F4-H","86.01",,"99.74","135.82","15.41","5.4839559","5.4839559","5","30","1","5.4839559","5.095561","5.1003561","4402.8515625","184","2351.349","5289.37890625","3779.6328125","39","1270.984375","8","C:\perf\results\idle-node-burst-matrix-20260807-181942\aspire\block-001\attempt-01\F4-H\benchmark\coordinator-priority-r1\normal1\normal1.binlog;C:\perf\results\idle-node-burst-matrix-20260807-181942\aspire\block-001\attempt-01\F4-H\benchmark\coordinator-priority-r1\normal2\normal2.binlog;C:\perf\results\idle-node-burst-matrix-20260807-181942\aspire\block-001\attempt-01\F4-H\benchmark\coordinator-priority-r1\normal3\normal3.binlog;C:\perf\results\idle-node-burst-matrix-20260807-181942\aspire\block-001\attempt-01\F4-H\benchmark\coordinator-priority-r1\normal4\normal4.binlog;C:\perf\results\idle-node-burst-matrix-20260807-181942\aspire\block-001\attempt-01\F4-H\benchmark\coordinator-priority-r1\high1\high1.binlog","C:\perf\results\idle-node-burst-matrix-20260807-181942\aspire\block-001\attempt-01\F4-H\benchmark\coordinator-priority-r1\runs.csv","C:\perf\results\idle-node-burst-matrix-20260807-181942\aspire\block-001\attempt-01\F4-H\monitor\system.csv","C:\perf\results\idle-node-burst-matrix-20260807-181942\aspire\block-001\attempt-01\F4-H\monitor\processes.csv","C:\perf\results\idle-node-burst-matrix-20260807-181942\aspire\block-001\attempt-01\F4-H\monitor\probes.csv"
"aspire","solution-propagated","1","0","True","1","4","AUTO-N","121.99",,"97.85","137.36","15.37","2.4068671","2.4068671","5","30","0",,"5.0450861","5.1945577","3547.2734375","157","2066.161","4259.8671875","3099.8203125","31","1304.734375","10","C:\perf\results\idle-node-burst-matrix-20260807-181942\aspire\block-001\attempt-01\AUTO-N\benchmark\coordinator-all-normal-r1\normal1\normal1.binlog;C:\perf\results\idle-node-burst-matrix-20260807-181942\aspire\block-001\attempt-01\AUTO-N\benchmark\coordinator-all-normal-r1\normal2\normal2.binlog;C:\perf\results\idle-node-burst-matrix-20260807-181942\aspire\block-001\attempt-01\AUTO-N\benchmark\coordinator-all-normal-r1\normal3\normal3.binlog;C:\perf\results\idle-node-burst-matrix-20260807-181942\aspire\block-001\attempt-01\AUTO-N\benchmark\coordinator-all-normal-r1\normal4\normal4.binlog;C:\perf\results\idle-node-burst-matrix-20260807-181942\aspire\block-001\attempt-01\AUTO-N\benchmark\coordinator-all-normal-r1\high1\high1.binlog","C:\perf\results\idle-node-burst-matrix-20260807-181942\aspire\block-001\attempt-01\AUTO-N\benchmark\coordinator-all-normal-r1\runs.csv","C:\perf\results\idle-node-burst-matrix-20260807-181942\aspire\block-001\attempt-01\AUTO-N\monitor\system.csv","C:\perf\results\idle-node-burst-matrix-20260807-181942\aspire\block-001\attempt-01\AUTO-N\monitor\processes.csv","C:\perf\results\idle-node-burst-matrix-20260807-181942\aspire\block-001\attempt-01\AUTO-N\monitor\probes.csv"
"aspire","solution-propagated","2","1","False","1","1","F4-N","118.6",,"88.24","134.01","15.41","2.511704","2.511704","5","30","0",,"5.0425496","5.046235","3622.46875","133","1843.599","4284.68359375","3081.30078125","31","1278.09765625","8","C:\perf\results\idle-node-burst-matrix-20260807-181942\aspire\block-002\attempt-01\F4-N\benchmark\coordinator-all-normal-r1\normal1\normal1.binlog;C:\perf\results\idle-node-burst-matrix-20260807-181942\aspire\block-002\attempt-01\F4-N\benchmark\coordinator-all-normal-r1\normal2\normal2.binlog;C:\perf\results\idle-node-burst-matrix-20260807-181942\aspire\block-002\attempt-01\F4-N\benchmark\coordinator-all-normal-r1\normal3\normal3.binlog;C:\perf\results\idle-node-burst-matrix-20260807-181942\aspire\block-002\attempt-01\F4-N\benchmark\coordinator-all-normal-r1\normal4\normal4.binlog;C:\perf\results\idle-node-burst-matrix-20260807-181942\aspire\block-002\attempt-01\F4-N\benchmark\coordinator-all-normal-r1\high1\high1.binlog","C:\perf\results\idle-node-burst-matrix-20260807-181942\aspire\block-002\attempt-01\F4-N\benchmark\coordinator-all-normal-r1\runs.csv","C:\perf\results\idle-node-burst-matrix-20260807-181942\aspire\block-002\attempt-01\F4-N\monitor\system.csv","C:\perf\results\idle-node-burst-matrix-20260807-181942\aspire\block-002\attempt-01\F4-N\monitor\processes.csv","C:\perf\results\idle-node-burst-matrix-20260807-181942\aspire\block-002\attempt-01\F4-N\monitor\probes.csv"
"aspire","solution-propagated","2","1","False","1","2","AUTO-N","121.94",,"98.43","137.33","15.39","2.6742243","2.6742243","5","30","0",,"5.0342455","5.0373053","3552.0234375","129","1631.662","4113.703125","3002.5078125","31","1275.34765625","8","C:\perf\results\idle-node-burst-matrix-20260807-181942\aspire\block-002\attempt-01\AUTO-N\benchmark\coordinator-all-normal-r1\normal1\normal1.binlog;C:\perf\results\idle-node-burst-matrix-20260807-181942\aspire\block-002\attempt-01\AUTO-N\benchmark\coordinator-all-normal-r1\normal2\normal2.binlog;C:\perf\results\idle-node-burst-matrix-20260807-181942\aspire\block-002\attempt-01\AUTO-N\benchmark\coordinator-all-normal-r1\normal3\normal3.binlog;C:\perf\results\idle-node-burst-matrix-20260807-181942\aspire\block-002\attempt-01\AUTO-N\benchmark\coordinator-all-normal-r1\normal4\normal4.binlog;C:\perf\results\idle-node-burst-matrix-20260807-181942\aspire\block-002\attempt-01\AUTO-N\benchmark\coordinator-all-normal-r1\high1\high1.binlog","C:\perf\results\idle-node-burst-matrix-20260807-181942\aspire\block-002\attempt-01\AUTO-N\benchmark\coordinator-all-normal-r1\runs.csv","C:\perf\results\idle-node-burst-matrix-20260807-181942\aspire\block-002\attempt-01\AUTO-N\monitor\system.csv","C:\perf\results\idle-node-burst-matrix-20260807-181942\aspire\block-002\attempt-01\AUTO-N\monitor\processes.csv","C:\perf\results\idle-node-burst-matrix-20260807-181942\aspire\block-002\attempt-01\AUTO-N\monitor\probes.csv"
"aspire","solution-propagated","2","1","False","1","3","AUTO-H","93.67",,"105.47","132.26","15.34","2.5156069","2.5156069","5","30","0",,"5.0465704","5.0514819","3176.4921875","129","2038.065","4265.453125","2871.00390625","39","1268.16796875","8","C:\perf\results\idle-node-burst-matrix-20260807-181942\aspire\block-002\attempt-01\AUTO-H\benchmark\coordinator-priority-r1\normal1\normal1.binlog;C:\perf\results\idle-node-burst-matrix-20260807-181942\aspire\block-002\attempt-01\AUTO-H\benchmark\coordinator-priority-r1\normal2\normal2.binlog;C:\perf\results\idle-node-burst-matrix-20260807-181942\aspire\block-002\attempt-01\AUTO-H\benchmark\coordinator-priority-r1\normal3\normal3.binlog;C:\perf\results\idle-node-burst-matrix-20260807-181942\aspire\block-002\attempt-01\AUTO-H\benchmark\coordinator-priority-r1\normal4\normal4.binlog;C:\perf\results\idle-node-burst-matrix-20260807-181942\aspire\block-002\attempt-01\AUTO-H\benchmark\coordinator-priority-r1\high1\high1.binlog","C:\perf\results\idle-node-burst-matrix-20260807-181942\aspire\block-002\attempt-01\AUTO-H\benchmark\coordinator-priority-r1\runs.csv","C:\perf\results\idle-node-burst-matrix-20260807-181942\aspire\block-002\attempt-01\AUTO-H\monitor\system.csv","C:\perf\results\idle-node-burst-matrix-20260807-181942\aspire\block-002\attempt-01\AUTO-H\monitor\processes.csv","C:\perf\results\idle-node-burst-matrix-20260807-181942\aspire\block-002\attempt-01\AUTO-H\monitor\probes.csv"
"aspire","solution-propagated","2","1","False","1","4","F4-H","97.56",,"104.81","138.07","15.4","2.9057167","2.9057167","5","30","0",,"5.0568629","5.0551263","4295.1640625","211","1244.266","5222.00390625","3731.61328125","39","1282.98828125","8","C:\perf\results\idle-node-burst-matrix-20260807-181942\aspire\block-002\attempt-01\F4-H\benchmark\coordinator-priority-r1\normal1\normal1.binlog;C:\perf\results\idle-node-burst-matrix-20260807-181942\aspire\block-002\attempt-01\F4-H\benchmark\coordinator-priority-r1\normal2\normal2.binlog;C:\perf\results\idle-node-burst-matrix-20260807-181942\aspire\block-002\attempt-01\F4-H\benchmark\coordinator-priority-r1\normal3\normal3.binlog;C:\perf\results\idle-node-burst-matrix-20260807-181942\aspire\block-002\attempt-01\F4-H\benchmark\coordinator-priority-r1\normal4\normal4.binlog;C:\perf\results\idle-node-burst-matrix-20260807-181942\aspire\block-002\attempt-01\F4-H\benchmark\coordinator-priority-r1\high1\high1.binlog","C:\perf\results\idle-node-burst-matrix-20260807-181942\aspire\block-002\attempt-01\F4-H\benchmark\coordinator-priority-r1\runs.csv","C:\perf\results\idle-node-burst-matrix-20260807-181942\aspire\block-002\attempt-01\F4-H\monitor\system.csv","C:\perf\results\idle-node-burst-matrix-20260807-181942\aspire\block-002\attempt-01\F4-H\monitor\processes.csv","C:\perf\results\idle-node-burst-matrix-20260807-181942\aspire\block-002\attempt-01\F4-H\monitor\probes.csv"
"aspire","solution-propagated","3","2","False","1","1","AUTO-N","118.76",,"94.94","134.14","15.38","1.785711","1.785711","5","30","0",,"5.0397402","5.0409863","3385.69140625","123","1156.246","4204.3515625","3067.390625","31","1264.72265625","8","C:\perf\results\idle-node-burst-matrix-20260807-181942\aspire\block-003\attempt-01\AUTO-N\benchmark\coordinator-all-normal-r1\normal1\normal1.binlog;C:\perf\results\idle-node-burst-matrix-20260807-181942\aspire\block-003\attempt-01\AUTO-N\benchmark\coordinator-all-normal-r1\normal2\normal2.binlog;C:\perf\results\idle-node-burst-matrix-20260807-181942\aspire\block-003\attempt-01\AUTO-N\benchmark\coordinator-all-normal-r1\normal3\normal3.binlog;C:\perf\results\idle-node-burst-matrix-20260807-181942\aspire\block-003\attempt-01\AUTO-N\benchmark\coordinator-all-normal-r1\normal4\normal4.binlog;C:\perf\results\idle-node-burst-matrix-20260807-181942\aspire\block-003\attempt-01\AUTO-N\benchmark\coordinator-all-normal-r1\high1\high1.binlog","C:\perf\results\idle-node-burst-matrix-20260807-181942\aspire\block-003\attempt-01\AUTO-N\benchmark\coordinator-all-normal-r1\runs.csv","C:\perf\results\idle-node-burst-matrix-20260807-181942\aspire\block-003\attempt-01\AUTO-N\monitor\system.csv","C:\perf\results\idle-node-burst-matrix-20260807-181942\aspire\block-003\attempt-01\AUTO-N\monitor\processes.csv","C:\perf\results\idle-node-burst-matrix-20260807-181942\aspire\block-003\attempt-01\AUTO-N\monitor\probes.csv"
"aspire","solution-propagated","3","2","False","1","2","F4-H","86.65",,"101.99","136.9","15.44","4.3070005","4.3070005","5","30","0",,"5.0716059","5.0556411","4392.00390625","198","2774.05","5268.62890625","3713.8203125","39","1283.23828125","8","C:\perf\results\idle-node-burst-matrix-20260807-181942\aspire\block-003\attempt-01\F4-H\benchmark\coordinator-priority-r1\normal1\normal1.binlog;C:\perf\results\idle-node-burst-matrix-20260807-181942\aspire\block-003\attempt-01\F4-H\benchmark\coordinator-priority-r1\normal2\normal2.binlog;C:\perf\results\idle-node-burst-matrix-20260807-181942\aspire\block-003\attempt-01\F4-H\benchmark\coordinator-priority-r1\normal3\normal3.binlog;C:\perf\results\idle-node-burst-matrix-20260807-181942\aspire\block-003\attempt-01\F4-H\benchmark\coordinator-priority-r1\normal4\normal4.binlog;C:\perf\results\idle-node-burst-matrix-20260807-181942\aspire\block-003\attempt-01\F4-H\benchmark\coordinator-priority-r1\high1\high1.binlog","C:\perf\results\idle-node-burst-matrix-20260807-181942\aspire\block-003\attempt-01\F4-H\benchmark\coordinator-priority-r1\runs.csv","C:\perf\results\idle-node-burst-matrix-20260807-181942\aspire\block-003\attempt-01\F4-H\monitor\system.csv","C:\perf\results\idle-node-burst-matrix-20260807-181942\aspire\block-003\attempt-01\F4-H\monitor\processes.csv","C:\perf\results\idle-node-burst-matrix-20260807-181942\aspire\block-003\attempt-01\F4-H\monitor\probes.csv"
"aspire","solution-propagated","3","2","False","1","3","F4-N","122.64",,"93.94","138","15.36","2.4934148","2.4934148","5","30","0",,"5.0452005","5.0487622","3724.01171875","174","1849.333","4436.296875","3207.49609375","31","1275.40234375","8","C:\perf\results\idle-node-burst-matrix-20260807-181942\aspire\block-003\attempt-01\F4-N\benchmark\coordinator-all-normal-r1\normal1\normal1.binlog;C:\perf\results\idle-node-burst-matrix-20260807-181942\aspire\block-003\attempt-01\F4-N\benchmark\coordinator-all-normal-r1\normal2\normal2.binlog;C:\perf\results\idle-node-burst-matrix-20260807-181942\aspire\block-003\attempt-01\F4-N\benchmark\coordinator-all-normal-r1\normal3\normal3.binlog;C:\perf\results\idle-node-burst-matrix-20260807-181942\aspire\block-003\attempt-01\F4-N\benchmark\coordinator-all-normal-r1\normal4\normal4.binlog;C:\perf\results\idle-node-burst-matrix-20260807-181942\aspire\block-003\attempt-01\F4-N\benchmark\coordinator-all-normal-r1\high1\high1.binlog","C:\perf\results\idle-node-burst-matrix-20260807-181942\aspire\block-003\attempt-01\F4-N\benchmark\coordinator-all-normal-r1\runs.csv","C:\perf\results\idle-node-burst-matrix-20260807-181942\aspire\block-003\attempt-01\F4-N\monitor\system.csv","C:\perf\results\idle-node-burst-matrix-20260807-181942\aspire\block-003\attempt-01\F4-N\monitor\processes.csv","C:\perf\results\idle-node-burst-matrix-20260807-181942\aspire\block-003\attempt-01\F4-N\monitor\probes.csv"
"aspire","solution-propagated","3","2","False","1","4","AUTO-H","93.93",,"103.76","133.72","15.33","3.138119","3.138119","5","30","0",,"5.0431103","5.0513856","3397.13671875","134","1743.94","4263.07421875","2849.25390625","39","1310.21484375","10","C:\perf\results\idle-node-burst-matrix-20260807-181942\aspire\block-003\attempt-01\AUTO-H\benchmark\coordinator-priority-r1\normal1\normal1.binlog;C:\perf\results\idle-node-burst-matrix-20260807-181942\aspire\block-003\attempt-01\AUTO-H\benchmark\coordinator-priority-r1\normal2\normal2.binlog;C:\perf\results\idle-node-burst-matrix-20260807-181942\aspire\block-003\attempt-01\AUTO-H\benchmark\coordinator-priority-r1\normal3\normal3.binlog;C:\perf\results\idle-node-burst-matrix-20260807-181942\aspire\block-003\attempt-01\AUTO-H\benchmark\coordinator-priority-r1\normal4\normal4.binlog;C:\perf\results\idle-node-burst-matrix-20260807-181942\aspire\block-003\attempt-01\AUTO-H\benchmark\coordinator-priority-r1\high1\high1.binlog","C:\perf\results\idle-node-burst-matrix-20260807-181942\aspire\block-003\attempt-01\AUTO-H\benchmark\coordinator-priority-r1\runs.csv","C:\perf\results\idle-node-burst-matrix-20260807-181942\aspire\block-003\attempt-01\AUTO-H\monitor\system.csv","C:\perf\results\idle-node-burst-matrix-20260807-181942\aspire\block-003\attempt-01\AUTO-H\monitor\processes.csv","C:\perf\results\idle-node-burst-matrix-20260807-181942\aspire\block-003\attempt-01\AUTO-H\monitor\probes.csv"
"aspire","solution-propagated","4","3","False","1","1","F4-H","81.06",,"101.04","134.81","15.39","2.8801179","2.8801179","5","30","0",,"5.0458493","5.0448781","4418.61328125","206","2920.36","5395.4921875","3852.28125","39","1282.69140625","8","C:\perf\results\idle-node-burst-matrix-20260807-181942\aspire\block-004\attempt-01\F4-H\benchmark\coordinator-priority-r1\normal1\normal1.binlog;C:\perf\results\idle-node-burst-matrix-20260807-181942\aspire\block-004\attempt-01\F4-H\benchmark\coordinator-priority-r1\normal2\normal2.binlog;C:\perf\results\idle-node-burst-matrix-20260807-181942\aspire\block-004\attempt-01\F4-H\benchmark\coordinator-priority-r1\normal3\normal3.binlog;C:\perf\results\idle-node-burst-matrix-20260807-181942\aspire\block-004\attempt-01\F4-H\benchmark\coordinator-priority-r1\normal4\normal4.binlog;C:\perf\results\idle-node-burst-matrix-20260807-181942\aspire\block-004\attempt-01\F4-H\benchmark\coordinator-priority-r1\high1\high1.binlog","C:\perf\results\idle-node-burst-matrix-20260807-181942\aspire\block-004\attempt-01\F4-H\benchmark\coordinator-priority-r1\runs.csv","C:\perf\results\idle-node-burst-matrix-20260807-181942\aspire\block-004\attempt-01\F4-H\monitor\system.csv","C:\perf\results\idle-node-burst-matrix-20260807-181942\aspire\block-004\attempt-01\F4-H\monitor\processes.csv","C:\perf\results\idle-node-burst-matrix-20260807-181942\aspire\block-004\attempt-01\F4-H\monitor\probes.csv"
"aspire","solution-propagated","4","3","False","1","2","AUTO-H","93.65",,"103.31","129.66","15.35","2.9675788","2.9675788","5","30","0",,"5.0401328","5.0403641","3119.4609375","125","1683.98","3863.78515625","2679.2265625","40","1276.89453125","8","C:\perf\results\idle-node-burst-matrix-20260807-181942\aspire\block-004\attempt-01\AUTO-H\benchmark\coordinator-priority-r1\normal1\normal1.binlog;C:\perf\results\idle-node-burst-matrix-20260807-181942\aspire\block-004\attempt-01\AUTO-H\benchmark\coordinator-priority-r1\normal2\normal2.binlog;C:\perf\results\idle-node-burst-matrix-20260807-181942\aspire\block-004\attempt-01\AUTO-H\benchmark\coordinator-priority-r1\normal3\normal3.binlog;C:\perf\results\idle-node-burst-matrix-20260807-181942\aspire\block-004\attempt-01\AUTO-H\benchmark\coordinator-priority-r1\normal4\normal4.binlog;C:\perf\results\idle-node-burst-matrix-20260807-181942\aspire\block-004\attempt-01\AUTO-H\benchmark\coordinator-priority-r1\high1\high1.binlog","C:\perf\results\idle-node-burst-matrix-20260807-181942\aspire\block-004\attempt-01\AUTO-H\benchmark\coordinator-priority-r1\runs.csv","C:\perf\results\idle-node-burst-matrix-20260807-181942\aspire\block-004\attempt-01\AUTO-H\monitor\system.csv","C:\perf\results\idle-node-burst-matrix-20260807-181942\aspire\block-004\attempt-01\AUTO-H\monitor\processes.csv","C:\perf\results\idle-node-burst-matrix-20260807-181942\aspire\block-004\attempt-01\AUTO-H\monitor\probes.csv"
"aspire","solution-propagated","4","3","False","1","3","AUTO-N","121.87",,"95.71","137.24","15.37","2.9555888","2.9555888","5","30","0",,"5.059428","5.0622014","2960.3203125","101","1134.268","3533.703125","2492.94921875","31","1286.06640625","8","C:\perf\results\idle-node-burst-matrix-20260807-181942\aspire\block-004\attempt-01\AUTO-N\benchmark\coordinator-all-normal-r1\normal1\normal1.binlog;C:\perf\results\idle-node-burst-matrix-20260807-181942\aspire\block-004\attempt-01\AUTO-N\benchmark\coordinator-all-normal-r1\normal2\normal2.binlog;C:\perf\results\idle-node-burst-matrix-20260807-181942\aspire\block-004\attempt-01\AUTO-N\benchmark\coordinator-all-normal-r1\normal3\normal3.binlog;C:\perf\results\idle-node-burst-matrix-20260807-181942\aspire\block-004\attempt-01\AUTO-N\benchmark\coordinator-all-normal-r1\normal4\normal4.binlog;C:\perf\results\idle-node-burst-matrix-20260807-181942\aspire\block-004\attempt-01\AUTO-N\benchmark\coordinator-all-normal-r1\high1\high1.binlog","C:\perf\results\idle-node-burst-matrix-20260807-181942\aspire\block-004\attempt-01\AUTO-N\benchmark\coordinator-all-normal-r1\runs.csv","C:\perf\results\idle-node-burst-matrix-20260807-181942\aspire\block-004\attempt-01\AUTO-N\monitor\system.csv","C:\perf\results\idle-node-burst-matrix-20260807-181942\aspire\block-004\attempt-01\AUTO-N\monitor\processes.csv","C:\perf\results\idle-node-burst-matrix-20260807-181942\aspire\block-004\attempt-01\AUTO-N\monitor\probes.csv"
"aspire","solution-propagated","4","3","False","1","4","F4-N","119.89",,"88.68","135.25","15.36","3.3015775","3.3015775","5","30","0",,"5.0444784","5.0457121","3449.9765625","133","1777.264","4361.04296875","3129.4140625","31","1285.11328125","8","C:\perf\results\idle-node-burst-matrix-20260807-181942\aspire\block-004\attempt-01\F4-N\benchmark\coordinator-all-normal-r1\normal1\normal1.binlog;C:\perf\results\idle-node-burst-matrix-20260807-181942\aspire\block-004\attempt-01\F4-N\benchmark\coordinator-all-normal-r1\normal2\normal2.binlog;C:\perf\results\idle-node-burst-matrix-20260807-181942\aspire\block-004\attempt-01\F4-N\benchmark\coordinator-all-normal-r1\normal3\normal3.binlog;C:\perf\results\idle-node-burst-matrix-20260807-181942\aspire\block-004\attempt-01\F4-N\benchmark\coordinator-all-normal-r1\normal4\normal4.binlog;C:\perf\results\idle-node-burst-matrix-20260807-181942\aspire\block-004\attempt-01\F4-N\benchmark\coordinator-all-normal-r1\high1\high1.binlog","C:\perf\results\idle-node-burst-matrix-20260807-181942\aspire\block-004\attempt-01\F4-N\benchmark\coordinator-all-normal-r1\runs.csv","C:\perf\results\idle-node-burst-matrix-20260807-181942\aspire\block-004\attempt-01\F4-N\monitor\system.csv","C:\perf\results\idle-node-burst-matrix-20260807-181942\aspire\block-004\attempt-01\F4-N\monitor\processes.csv","C:\perf\results\idle-node-burst-matrix-20260807-181942\aspire\block-004\attempt-01\F4-N\monitor\probes.csv"
"aspire","solution-propagated","5","4","False","1","1","AUTO-H","89.1",,"99.04","127.15","15.38","2.1239244","2.1239244","5","30","0",,"5.0351515","5.0308487","3036.453125","111","1307.955","4019.171875","2646.55078125","39","1296.60546875","8","C:\perf\results\idle-node-burst-matrix-20260807-181942\aspire\block-005\attempt-01\AUTO-H\benchmark\coordinator-priority-r1\normal1\normal1.binlog;C:\perf\results\idle-node-burst-matrix-20260807-181942\aspire\block-005\attempt-01\AUTO-H\benchmark\coordinator-priority-r1\normal2\normal2.binlog;C:\perf\results\idle-node-burst-matrix-20260807-181942\aspire\block-005\attempt-01\AUTO-H\benchmark\coordinator-priority-r1\normal3\normal3.binlog;C:\perf\results\idle-node-burst-matrix-20260807-181942\aspire\block-005\attempt-01\AUTO-H\benchmark\coordinator-priority-r1\normal4\normal4.binlog;C:\perf\results\idle-node-burst-matrix-20260807-181942\aspire\block-005\attempt-01\AUTO-H\benchmark\coordinator-priority-r1\high1\high1.binlog","C:\perf\results\idle-node-burst-matrix-20260807-181942\aspire\block-005\attempt-01\AUTO-H\benchmark\coordinator-priority-r1\runs.csv","C:\perf\results\idle-node-burst-matrix-20260807-181942\aspire\block-005\attempt-01\AUTO-H\monitor\system.csv","C:\perf\results\idle-node-burst-matrix-20260807-181942\aspire\block-005\attempt-01\AUTO-H\monitor\processes.csv","C:\perf\results\idle-node-burst-matrix-20260807-181942\aspire\block-005\attempt-01\AUTO-H\monitor\probes.csv"
"aspire","solution-propagated","5","4","False","1","2","F4-N","115.79",,"88.38","131.19","15.4","2.7314419","2.7314419","5","30","0",,"5.0466126","5.0418173","3625.203125","133","2380.964","8177.9140625","6994.8359375","211","1295.67578125","8","C:\perf\results\idle-node-burst-matrix-20260807-181942\aspire\block-005\attempt-01\F4-N\benchmark\coordinator-all-normal-r1\normal1\normal1.binlog;C:\perf\results\idle-node-burst-matrix-20260807-181942\aspire\block-005\attempt-01\F4-N\benchmark\coordinator-all-normal-r1\normal2\normal2.binlog;C:\perf\results\idle-node-burst-matrix-20260807-181942\aspire\block-005\attempt-01\F4-N\benchmark\coordinator-all-normal-r1\normal3\normal3.binlog;C:\perf\results\idle-node-burst-matrix-20260807-181942\aspire\block-005\attempt-01\F4-N\benchmark\coordinator-all-normal-r1\normal4\normal4.binlog;C:\perf\results\idle-node-burst-matrix-20260807-181942\aspire\block-005\attempt-01\F4-N\benchmark\coordinator-all-normal-r1\high1\high1.binlog","C:\perf\results\idle-node-burst-matrix-20260807-181942\aspire\block-005\attempt-01\F4-N\benchmark\coordinator-all-normal-r1\runs.csv","C:\perf\results\idle-node-burst-matrix-20260807-181942\aspire\block-005\attempt-01\F4-N\monitor\system.csv","C:\perf\results\idle-node-burst-matrix-20260807-181942\aspire\block-005\attempt-01\F4-N\monitor\processes.csv","C:\perf\results\idle-node-burst-matrix-20260807-181942\aspire\block-005\attempt-01\F4-N\monitor\probes.csv"
"aspire","solution-propagated","5","4","False","1","3","F4-H","84.7",,"99.4","134.73","15.41","3.2671622","3.2671622","5","30","0",,"5.0520184","5.0483541","4146.890625","166","1894.516","4998.59375","3464.265625","39","1298.54296875","10","C:\perf\results\idle-node-burst-matrix-20260807-181942\aspire\block-005\attempt-01\F4-H\benchmark\coordinator-priority-r1\normal1\normal1.binlog;C:\perf\results\idle-node-burst-matrix-20260807-181942\aspire\block-005\attempt-01\F4-H\benchmark\coordinator-priority-r1\normal2\normal2.binlog;C:\perf\results\idle-node-burst-matrix-20260807-181942\aspire\block-005\attempt-01\F4-H\benchmark\coordinator-priority-r1\normal3\normal3.binlog;C:\perf\results\idle-node-burst-matrix-20260807-181942\aspire\block-005\attempt-01\F4-H\benchmark\coordinator-priority-r1\normal4\normal4.binlog;C:\perf\results\idle-node-burst-matrix-20260807-181942\aspire\block-005\attempt-01\F4-H\benchmark\coordinator-priority-r1\high1\high1.binlog","C:\perf\results\idle-node-burst-matrix-20260807-181942\aspire\block-005\attempt-01\F4-H\benchmark\coordinator-priority-r1\runs.csv","C:\perf\results\idle-node-burst-matrix-20260807-181942\aspire\block-005\attempt-01\F4-H\monitor\system.csv","C:\perf\results\idle-node-burst-matrix-20260807-181942\aspire\block-005\attempt-01\F4-H\monitor\processes.csv","C:\perf\results\idle-node-burst-matrix-20260807-181942\aspire\block-005\attempt-01\F4-H\monitor\probes.csv"
"aspire","solution-propagated","5","4","False","1","4","AUTO-N","123.44",,"96.16","138.83","15.39","2.6472409","2.6472409","5","30","0",,"5.0383877","5.0306203","3432.1953125","155","1618.072","4186.8828125","3078.765625","31","1307.97265625","10","C:\perf\results\idle-node-burst-matrix-20260807-181942\aspire\block-005\attempt-01\AUTO-N\benchmark\coordinator-all-normal-r1\normal1\normal1.binlog;C:\perf\results\idle-node-burst-matrix-20260807-181942\aspire\block-005\attempt-01\AUTO-N\benchmark\coordinator-all-normal-r1\normal2\normal2.binlog;C:\perf\results\idle-node-burst-matrix-20260807-181942\aspire\block-005\attempt-01\AUTO-N\benchmark\coordinator-all-normal-r1\normal3\normal3.binlog;C:\perf\results\idle-node-burst-matrix-20260807-181942\aspire\block-005\attempt-01\AUTO-N\benchmark\coordinator-all-normal-r1\normal4\normal4.binlog;C:\perf\results\idle-node-burst-matrix-20260807-181942\aspire\block-005\attempt-01\AUTO-N\benchmark\coordinator-all-normal-r1\high1\high1.binlog","C:\perf\results\idle-node-burst-matrix-20260807-181942\aspire\block-005\attempt-01\AUTO-N\benchmark\coordinator-all-normal-r1\runs.csv","C:\perf\results\idle-node-burst-matrix-20260807-181942\aspire\block-005\attempt-01\AUTO-N\monitor\system.csv","C:\perf\results\idle-node-burst-matrix-20260807-181942\aspire\block-005\attempt-01\AUTO-N\monitor\processes.csv","C:\perf\results\idle-node-burst-matrix-20260807-181942\aspire\block-005\attempt-01\AUTO-N\monitor\probes.csv"
