"File","Length","Sha256"
"validated-report.md","7684","D754D02ECA12FECD02F3A02D1AE03FE4EF28DB5FBA055C8ABB94B190BF89D1DA"
"validation.json","561","30C825AA5BFAF02E34C3698CADC70DDBFA2542D309D5D09253A1926B1774EE6F"
"comparisons.csv","3650","3E2E6EE5D9E1AE04D9E2CE2FC6B317301450E2BFF3CC117DBD3D7DF8E502EB56"
"paired-block-log-ratios.csv","4588","6D62921C84981C772F32847309609657C4F72E6012B45B81D00956902ACE9429"
"scenario-metrics.csv","58640","2A3B6A58054A7B7284884196197DEBBD3993F94FFC30EB55C2D2CCA705993255"
"pressure-medians.csv","1342","7401999B283836ED8243B12E4FBFEABF8F47E51F2FA32BBD6F9B641D80ABC296"
"grant-validation.json","255","03B08F5B78E1423D8D9D4DA6AE364F0874DEE324412874F803C8543E4D7CC616"
"grant-sequences.csv","4475","FC8BC985A03D3298BB7A5DCA5E750A99FD069303AD9D6556ACB70335E6D3A24B"
"grant-events.csv","65558","5D5F5A6F3F4D04E65377F58C06BE642D6459CD3C559F38D6BF189D9554AA0173"
"grant-role-duration-effects.csv","1169","F85F9CC850F7ABDA1EE044075A5E9B03802BF3BC53CAB303C9D35A7BF7398B2C"
"grant-scan.json","63019","BEACA0E0F2EB3510C5D6C682DA8F211AF5B9F1FD5FAB2EF88EDC2693977FE56B"
